probability,verb,prev_layer,subj_freq,obj_freq,iobj_freq,subj_avdist,obj_avdist,iobj_avdist
0.7912772265573574,iesist:VERB,,0.3333333333333333,0.3333333333333333,0.3333333333333333,-1.0,5.0,-1.0
0.12707918327503803,izklausīties:VERB,,0.75,0.0,0.25,-2.25,0.0,-1.0
0.1883295986552849,izrādīties:VERB,,0.7222222222222222,0.0,0.2777777777777778,-2.095238095238095,0.0,-0.6
0.7912772265573574,koncentrēt:VERB,,0.3333333333333333,0.3333333333333333,0.3333333333333333,-3.0,3.0,-3.0
0.1733547151063608,noslēgties:VERB,,0.6666666666666666,0.0,0.3333333333333333,-9.0,0.0,-8.0
0.49682292404860556,piesaistīt:VERB,,0.375,0.375,0.25,-3.0,0.3333333333333333,-0.5
0.1733547151063608,piesteigties:VERB,,0.6666666666666666,0.0,0.3333333333333333,-2.5,0.0,-2.0
0.16289055135470498,pārstāt:VERB,,0.4,0.0,0.6,-1.0,0.0,-1.0
0.1733547151063608,uzstāties:VERB,,0.6666666666666666,0.0,0.3333333333333333,-2.5,0.0,-0.5
