probability,verb,prev_layer,subj_freq,obj_freq,iobj_freq,subj_avdist,obj_avdist,iobj_avdist
0.1733547151063608,pārvilkt:VERB,,0.0,0.6666666666666666,0.3333333333333333,0.0,-1.5,-1.0
0.2332679012691489,sagaidīt:VERB,,0.5294117647058824,0.4117647058823529,0.058823529411764705,-0.7777777777777778,-2.15,-1.0
0.5565181020332823,traucēt:VERB,,0.4,0.30000000000000004,0.3,-0.25,-1.25,-0.8333333333333334
0.38518702556790485,uzrādīt:VERB,,0.4,0.4,0.2,0.0,-2.5,-1.0
0.20427299405960284,varēt:VERB,,0.3311475409836066,0.03770491803278689,0.6311475409836066,-0.07871536523929468,-3.6948051948051948,-1.0479421076436002
0.34163664987276454,vēstīt:VERB,,0.5,0.375,0.125,-0.08333333333333333,-3.0,-3.0
