probability,verb,prev_layer,subj_freq,obj_freq,iobj_freq,subj_avdist,obj_avdist,iobj_avdist
0.3416366498727646,atnest:VERB,,0.375,0.5,0.125,1.6666666666666667,0.5,2.0
0.162890551354705,ielaisties:VERB,,0.6,0.0,0.4,5.333333333333333,0.0,5.5
0.7912772265573574,lauzt:VERB,,0.3333333333333333,0.3333333333333333,0.3333333333333333,2.0,1.0,4.0
0.162890551354705,mētāties:VERB,,0.6,0.0,0.4,1.0,0.0,2.5
0.2690810467520588,pamudināt:VERB,,0.2857142857142857,0.5714285714285714,0.14285714285714285,0.5,0.0,1.0
0.11830902467951517,sarunāties:VERB,,0.5384615384615384,0.0,0.46153846153846156,1.1428571428571428,0.0,3.6666666666666665
0.12707918327503803,šķirties:VERB,,0.75,0.0,0.25,2.0,0.0,2.0
