probability,verb,prev_layer,subj_freq,obj_freq,iobj_freq,subj_avdist,obj_avdist,iobj_avdist
0.2828790485182306,nomainīt:VERB,,0.36363636363636365,0.5454545454545454,0.09090909090909091,-0.75,-0.3333333333333333,-5.0
0.2507392217430374,pārbaudīt:VERB,,0.3571428571428571,0.5714285714285714,0.07142857142857142,-2.625,-2.0833333333333335,-3.0
0.2514362425941356,zīmēt:VERB,,0.4285714285714286,0.5,0.07142857142857142,-1.8,-0.42857142857142855,-4.0
