probability,verb,prev_layer,subj_freq,obj_freq,iobj_freq,subj_avdist,obj_avdist,iobj_avdist
0.17085615581651586,patikt:VERB,,0.6976744186046512,0.16279069767441862,0.13953488372093023,-2.962962962962963,-1.0,-0.8333333333333333
0.23223141076870002,pietikt:VERB,,0.3529411764705882,0.058823529411764705,0.5882352941176471,-1.5,-1.0,-0.45238095238095233
0.37429841431636807,ražot:VERB,,0.46153846153846156,0.38461538461538464,0.15384615384615385,-1.3,-1.2,-0.5
