probability,verb,prev_layer,subj_freq,obj_freq,iobj_freq,subj_avdist,obj_avdist,iobj_avdist
0.2685243166181526,novērot:VERB,,0.5714285714285714,0.3333333333333333,0.09523809523809523,-1.95,-3.5416666666666665,-1.5
0.25307716075086467,pierast:VERB,,0.6666666666666666,0.2,0.13333333333333333,-1.8888888888888888,-3.3333333333333335,-1.5
0.32200230159910365,prasīt:VERB,,0.4489795918367347,0.44897959183673464,0.10204081632653061,-1.3095238095238095,-2.229166666666667,-0.4
0.2863709093450841,ņemt:VERB,,0.35294117647058826,0.5490196078431372,0.09803921568627451,-2.288888888888889,-5.966666666666667,-0.5
0.22725808168587794,šķist:VERB,,0.7272727272727273,0.045454545454545456,0.2272727272727273,-2.402777777777778,-6.0,-0.1785714285714286
