probability,verb,prev_layer,subj_freq,obj_freq,iobj_freq,subj_avdist,obj_avdist,iobj_avdist
0.12846690947268397,izbesīt:VERB,,0.3333333333333333,0.5,0.16666666666666666,6.5,3.0,2.0
0.890326026731683,paspārdīt:VERB,,0.0,0.5,0.5,0.0,3.0,1.0
0.890326026731683,pienest:VERB,,0.0,0.5,0.5,0.0,2.0,1.0
0.590078294262375,sataisīt:VERB,,0.0,0.6,0.4,0.0,1.0,0.0
