probability,verb,prev_layer,subj_freq,obj_freq,iobj_freq,subj_avdist,obj_avdist,iobj_avdist
0.890326026731683,aizbāzt:VERB,,0.0,0.5,0.5,0.0,1.0,2.0
0.12846690947268397,aizsegt:VERB,,0.3333333333333333,0.5,0.16666666666666666,-4.0,0.6666666666666666,1.0
0.3902426960012563,atdot:VERB,,0.08333333333333333,0.3333333333333333,0.5833333333333334,3.0,0.0,1.1428571428571428
0.12846690947268397,izcelt:VERB,,0.3333333333333333,0.5,0.16666666666666666,1.5,0.3333333333333333,1.0
0.890326026731683,pakārt:VERB,,0.0,0.5,0.5,0.0,1.0,3.0
0.1594445649844149,pamudināt:VERB,,0.2857142857142857,0.5714285714285714,0.14285714285714285,0.5,0.0,1.0
0.24281618002244812,samaksāt:VERB,,0.2,0.2,0.6,23.0,2.0,2.6666666666666665
0.32877299260946613,tērēt:VERB,,0.16666666666666666,0.3333333333333333,0.5,0.0,1.0,1.3333333333333333
0.24116342193906073,uzrunāt:VERB,,0.25,0.5,0.25,-2.0,0.0,2.0
