probability,verb,prev_layer,subj_freq,obj_freq,iobj_freq,subj_avdist,obj_avdist,iobj_avdist
0.7912772265573574,चौंका:VERB,,0.3333333333333333,0.3333333333333333,0.3333333333333333,7.0,-9.0,1.0
0.135233545989651,पढ:VERB,,0.5555555555555556,0.4444444444444444,0.0,4.4,-2.75,0.0
0.264628520568699,पूछ:VERB,,0.26744186046511625,0.5348837209302325,0.19767441860465115,6.253846153846154,-4.108695652173913,2.588235294117647
0.18522117525734036,बढ़:VERB,,0.7142857142857143,0.2857142857142857,0.0,2.6,-9.0,0.0
0.23248769995730315,बता:VERB,,0.3323943661971831,0.6028169014084507,0.0647887323943662,3.682783882783883,-4.0,2.598684210526316
0.1385978312757925,लगा:VERB,,0.5124223602484472,0.46273291925465837,0.024844720496894408,8.582843959731544,-0.020134228187919462,5.5
0.37882696446851705,लिख:VERB,,0.44047619047619047,0.39285714285714285,0.16666666666666666,6.916666666666666,-1.303030303030303,2.857142857142857
0.15177794462422906,सोच:VERB,,0.5769230769230769,0.4230769230769231,0.0,4.933333333333334,-3.6363636363636362,0.0
