probability,verb,prev_layer,subj_freq,obj_freq,iobj_freq,subj_avdist,obj_avdist,iobj_avdist
0.26897270499176684,कह:VERB,,0.3826247689463956,0.5397412199630314,0.07763401109057301,5.989242053789731,-9.169520547945206,7.5
0.12196992606954835,चाह:VERB,,0.5074257425742574,0.47277227722772275,0.019801980198019802,7.048780487804878,-1.4450261780104712,8.0
0.20226187861388703,जता:VERB,,0.5234375,0.4296875,0.046875,5.25,-2.381818181818182,6.166666666666667
0.6365784489922905,दिला:VERB,,0.3555555555555555,0.28888888888888886,0.35555555555555557,7.066666666666666,-3.230769230769231,7.875
0.21902192690637587,पा:VERB,,0.36923076923076925,0.5846153846153846,0.046153846153846156,6.0,-0.02631578947368421,9.75
0.21331357736158368,मान:VERB,,0.33640552995391704,0.6175115207373272,0.04608294930875576,2.0066844919786098,-1.7238805970149254,3.6666666666666665
0.22661323097904984,लग:VERB,,0.6881720430107527,0.24731182795698925,0.06451612903225806,3.828125,-1.2391304347826086,4.985714285714286
