probability,verb,prev_layer,subj_freq,obj_freq,iobj_freq,subj_avdist,obj_avdist,iobj_avdist
0.20432254880931777,समझ:VERB,,0.42857142857142855,0.5238095238095238,0.047619047619047616,-2.4642857142857144,-6.787878787878788,3.0
