probability,verb,prev_layer,subj_freq,obj_freq,iobj_freq,subj_avdist,obj_avdist,iobj_avdist
0.16327169937180203,कह:VERB,,0.3826247689463956,0.5397412199630314,0.07763401109057301,5.989242053789731,-9.169520547945206,7.5
0.23873635059565193,पा:VERB,,0.36923076923076925,0.5846153846153846,0.046153846153846156,6.0,-0.02631578947368421,9.75
0.23078539274527243,पूछ:VERB,,0.26744186046511625,0.5348837209302325,0.19767441860465115,6.253846153846154,-4.108695652173913,2.588235294117647
0.2928774999983877,बता:VERB,,0.3323943661971831,0.6028169014084507,0.0647887323943662,3.682783882783883,-4.0,2.598684210526316
0.3084532106787143,मान:VERB,,0.33640552995391704,0.6175115207373272,0.04608294930875576,2.0066844919786098,-1.7238805970149254,3.6666666666666665
