probability,verb,prev_layer,subj_freq,obj_freq,iobj_freq,subj_avdist,obj_avdist,iobj_avdist
0.20721953484265151,पूछ:VERB,,0.26744186046511625,0.5348837209302325,0.19767441860465115,6.253846153846154,-4.108695652173913,2.588235294117647
