probability,verb,prev_layer,subj_freq,obj_freq,iobj_freq,subj_avdist,obj_avdist,iobj_avdist
0.24116342193906073,आंका:VERB,,0.25,0.5,0.25,4.0,4.0,1.0
0.1185500513594503,जला:VERB,,0.26666666666666666,0.7333333333333333,0.0,8.25,2.0,0.0
0.11095468521639291,जोड़:VERB,,0.2727272727272727,0.7272727272727273,0.0,6.666666666666667,6.25,0.0
0.12999336329178668,देख:VERB,,0.2579185520361991,0.7420814479638009,0.0,6.3310276679841895,3.1463414634146343,0.0
0.4081187240344978,बाँट:VERB,,0.0,0.3333333333333333,0.6666666666666666,0.0,5.0,3.0
0.1330717840745956,बेच:VERB,,0.34146341463414637,0.4634146341463415,0.1951219512195122,10.214285714285714,4.894736842105263,3.875
