probability,verb,prev_layer,subj_freq,obj_freq,iobj_freq,subj_avdist,obj_avdist,iobj_avdist
0.20551557626057718,सुलझ:VERB,,0.6666666666666666,0.16666666666666666,0.16666666666666666,2.25,4.0,-6.0
