probability,verb,prev_layer,subj_freq,obj_freq,iobj_freq,subj_avdist,obj_avdist,iobj_avdist
0.1941288346640688,दिला:VERB,,0.3555555555555555,0.28888888888888886,0.35555555555555557,7.066666666666666,-3.230769230769231,7.875
0.4040919064650719,मिल:VERB,,0.5625,0.0945945945945946,0.34290540540540543,2.915915915915916,2.2857142857142856,3.7626262626262625
0.3358128480146962,मिला:VERB,,0.4444444444444444,0.2222222222222222,0.3333333333333333,1.75,1.5,7.0
0.15600405331350808,मुकर:VERB,,0.7777777777777778,0.1111111111111111,0.1111111111111111,6.714285714285714,2.0,10.0
0.16407960796378582,लग:VERB,,0.6881720430107527,0.24731182795698925,0.06451612903225806,3.828125,-1.2391304347826086,4.985714285714286
0.3713844118498105,सता:VERB,,0.75,0.0,0.25,1.6666666666666667,0.0,11.0
0.10892604504144225,सुना:VERB,,0.39473684210526316,0.34210526315789475,0.2631578947368421,6.403846153846154,1.5384615384615385,6.9
0.1419850331453203,है:VERB,,0.7437229437229437,0.2502164502164502,0.006060606060606061,3.8149010477299186,0.7231833910034602,10.0
