probability,verb,prev_layer,subj_freq,obj_freq,iobj_freq,subj_avdist,obj_avdist,iobj_avdist
0.3003461500192157,आंका:VERB,,0.25,0.5,0.25,4.0,4.0,1.0
0.17335471510636075,उलझ:VERB,,0.6666666666666666,0.3333333333333333,0.0,8.5,34.0,0.0
0.12707918327503803,गिना:VERB,,0.25,0.75,0.0,1.0,1.0,0.0
0.17335471510636075,धो:VERB,,0.6666666666666666,0.3333333333333333,0.0,5.5,6.0,0.0
0.31426376365913994,पहुँचा:VERB,,0.5,0.4,0.1,3.5,3.5,3.0
0.16289055135470498,पढ़:VERB,,0.6,0.4,0.0,5.0,5.0,0.0
0.12707918327503803,लटक:VERB,,0.75,0.25,0.0,4.333333333333333,5.0,0.0
