probability,verb,prev_layer,subj_freq,obj_freq,iobj_freq,subj_avdist,obj_avdist,iobj_avdist
0.2284890335603691,parecer:VERB,,0.5384615384615384,0.054945054945054944,0.4065934065934066,-1.1352941176470588,-2.8333333333333335,-0.7452380952380953
