probability,verb,prev_layer,subj_freq,obj_freq,iobj_freq,subj_avdist,obj_avdist,iobj_avdist
0.16767220538122318,comentar:VERB,,0.38095238095238093,0.6190476190476191,0.0,0.0,8.36904761904762,0.0
0.17335471510636075,ironizar:VERB,,0.6666666666666666,0.3333333333333333,0.0,-0.5,26.0,0.0
0.12554413060944083,observar:VERB,,0.5454545454545454,0.4545454545454546,0.0,-0.3666666666666667,4.919642857142857,0.0
0.14809471266739757,rematar:VERB,,0.42857142857142855,0.5714285714285714,0.0,-2.3333333333333335,5.0,0.0
