probability,verb,prev_layer,subj_freq,obj_freq,iobj_freq,subj_avdist,obj_avdist,iobj_avdist
0.3142637636591399,adiantar:VERB,,0.39999999999999997,0.5,0.1,-3.2857142857142856,-1.1666666666666665,0.0
0.17335471510636075,constar:VERB,,0.6666666666666666,0.3333333333333333,0.0,-2.0,-2.0,0.0
0.12707918327503803,constatar:VERB,,0.75,0.25,0.0,-27.0625,-9.0,0.0
0.16289055135470495,enterrar:VERB,,0.6000000000000001,0.4,0.0,-4.666666666666667,-3.5,0.0
