probability,verb,prev_layer,subj_freq,obj_freq,iobj_freq,subj_avdist,obj_avdist,iobj_avdist
0.890326026731683,acariciar:VERB,,0.0,0.5,0.5,0.0,-2.0,1.0
0.1594445649844149,cobrar:VERB,,0.2857142857142857,0.5714285714285714,0.14285714285714285,0.5,-4.833333333333333,1.0
0.12846690947268397,cortar:VERB,,0.3333333333333333,0.5,0.16666666666666666,1.5,-2.1666666666666665,0.0
0.11346614424664032,ensinar:VERB,,0.36363636363636365,0.45454545454545453,0.18181818181818182,1.75,-5.25,1.0
0.890326026731683,mangueirar:VERB,,0.0,0.5,0.5,0.0,-1.0,1.0
