probability,verb,prev_layer,subj_freq,obj_freq,iobj_freq,subj_avdist,obj_avdist,iobj_avdist
0.1880754722150443,acordar:VERB,,0.8571428571428572,0.14285714285714285,0.0,-2.2,-1.0,0.0
0.5257923204568397,adiantar:VERB,,0.39999999999999997,0.5,0.1,-3.2857142857142856,-1.1666666666666665,0.0
0.29911155768586817,ajudar:VERB,,0.47500000000000003,0.3,0.225,-4.777777777777778,-1.4166666666666667,-0.75
0.8903260267316832,aprazer:VERB,,0.5,0.5,0.0,-2.0,-1.0,0.0
0.8903260267316832,comportar:VERB,,0.5,0.5,0.0,-2.0,-2.0,0.0
0.40811872403449767,constar:VERB,,0.6666666666666666,0.3333333333333333,0.0,-2.0,-2.0,0.0
0.3713844118498105,constatar:VERB,,0.75,0.25,0.0,-27.0625,-9.0,0.0
0.5900782942623749,enterrar:VERB,,0.6000000000000001,0.4,0.0,-4.666666666666667,-3.5,0.0
0.1507892343104133,surpreender:VERB,,0.875,0.125,0.0,-3.9333333333333336,-2.0,0.0
