probability,verb,prev_layer,subj_freq,obj_freq,iobj_freq,subj_avdist,obj_avdist,iobj_avdist
0.11166335842526451,defender:VERB,,0.47500000000000003,0.5125,0.0125,-0.09523809523809519,-4.670977011494252,-19.0
0.1733547151063608,exortar:VERB,,0.0,0.6666666666666666,0.3333333333333333,0.0,-2.0,-4.0
0.14932430835492866,garantir:VERB,,0.45714285714285713,0.5142857142857142,0.02857142857142857,-0.24444444444444446,-2.2857142857142856,-2.5
