probability,verb,prev_layer,subj_freq,obj_freq,iobj_freq,subj_avdist,obj_avdist,iobj_avdist
0.17335471510636075,arranjar:VERB,,0.3333333333333333,0.6666666666666666,0.0,0.0,-2.5,0.0
0.17335471510636075,assassinar:VERB,,0.6666666666666666,0.3333333333333333,0.0,-0.33333333333333337,-2.5,0.0
0.17335471510636075,atestar:VERB,,0.6666666666666666,0.3333333333333333,0.0,-0.5,-2.0,0.0
0.19746944614457046,confirmar:VERB,,0.5535714285714286,0.4107142857142857,0.03571428571428571,-0.68,-2.107142857142857,6.5
0.17335471510636075,expor:VERB,,0.6666666666666666,0.3333333333333333,0.0,-1.0833333333333335,-2.75,0.0
0.16289055135470495,interrogar:VERB,,0.4,0.6000000000000001,0.0,0.0,-4.5,0.0
0.16289055135470498,manipular:VERB,,0.6,0.4,0.0,-1.0,-2.0,0.0
0.16698271118617308,valer:VERB,,0.6153846153846154,0.38461538461538464,0.0,-0.41666666666666674,-1.8,0.0
