probability,verb,prev_layer,subj_freq,obj_freq,iobj_freq,subj_avdist,obj_avdist,iobj_avdist
0.13434212904724485,estar:VERB,,0.8363636363636364,0.05454545454545454,0.1090909090909091,-1.0222222222222221,-1.25,-3.8
