probability,verb,prev_layer,subj_freq,obj_freq,iobj_freq,subj_avdist,obj_avdist,iobj_avdist
0.38518702556790485,convencionar:VERB,,0.4,0.4,0.2,0.0,-10.0,-1.0
0.3298634419341458,esperar:VERB,,0.47058823529411764,0.4235294117647059,0.10588235294117647,-0.38888888888888884,-3.7777777777777777,-1.6666666666666667
0.32353874169095326,pensar:VERB,,0.36666666666666664,0.5166666666666667,0.11666666666666667,-0.4166666666666667,-3.0733333333333337,-1.5714285714285714
0.3405784856014364,saber:VERB,,0.4084507042253521,0.47887323943661975,0.11267605633802817,-0.7545454545454545,-1.5086206896551724,-1.3125
0.25436498875161995,salientar:VERB,,0.5833333333333334,0.3333333333333333,0.08333333333333333,-0.14285714285714285,-4.75,-2.0
