probability,verb,prev_layer,subj_freq,obj_freq,iobj_freq,subj_avdist,obj_avdist,iobj_avdist
0.1475862331605796,bastar:VERB,,0.7222222222222222,0.05555555555555555,0.2222222222222222,-1.630952380952381,1.0,-1.0
