probability,verb,prev_layer,subj_freq,obj_freq,iobj_freq,subj_avdist,obj_avdist,iobj_avdist
0.19124064182808725,acentuar:VERB,,0.6923076923076923,0.23076923076923078,0.07692307692307693,1.8888888888888888,2.5,1.0
0.4081187240344978,apetecer:VERB,,0.3333333333333333,0.0,0.6666666666666666,2.0,0.0,0.0
0.4081187240344978,colar:VERB,,0.6666666666666666,0.0,0.3333333333333333,3.5,0.0,3.0
0.4081187240344978,competir:VERB,,0.6666666666666666,0.0,0.3333333333333333,3.5,0.0,1.0
0.12307408926793825,encerrar:VERB,,0.736842105263158,0.2631578947368421,0.0,5.230769230769231,-8.2,0.0
0.890326026731683,propôr:VERB,,0.5,0.0,0.5,3.0,0.0,2.0
0.18750292787632733,roubar:VERB,,0.625,0.25,0.125,3.833333333333333,-4.5,1.0
0.11855005135945033,suspender:VERB,,0.7333333333333334,0.26666666666666666,0.0,4.104166666666667,-2.0,0.0
0.12451835304250301,tocar:VERB,,0.8888888888888888,0.0,0.1111111111111111,3.357142857142857,0.0,1.0
