probability,verb,prev_layer,subj_freq,obj_freq,iobj_freq,subj_avdist,obj_avdist,iobj_avdist
0.1733547151063608,apetecer:VERB,,0.3333333333333333,0.0,0.6666666666666666,2.0,0.0,0.0
0.1733547151063608,colar:VERB,,0.6666666666666666,0.0,0.3333333333333333,3.5,0.0,3.0
0.1733547151063608,competir:VERB,,0.6666666666666666,0.0,0.3333333333333333,3.5,0.0,1.0
0.12707918327503803,demitir:VERB,,0.75,0.25,0.0,4.375,0.0,0.0
0.17335471510636075,deparar:VERB,,0.6666666666666666,0.3333333333333333,0.0,6.0,0.0,0.0
0.5565181020332821,perguntar:VERB,,0.3,0.4,0.3,0.8,0.33333333333333326,0.3333333333333333
0.17335471510636075,poder:VERB,,0.3333333333333333,0.6666666666666666,0.0,1.0,0.0,0.0
0.14809471266739757,responsabilizar:VERB,,0.5714285714285714,0.42857142857142855,0.0,2.833333333333333,0.0,0.0
0.18522117525734036,telefonar:VERB,,0.7142857142857143,0.2857142857142857,0.0,3.4,0.0,0.0
