probability,verb,prev_layer,subj_freq,obj_freq,iobj_freq,subj_avdist,obj_avdist,iobj_avdist
0.18153334946336722,dizer:VERB,,0.4779220779220779,0.4727272727272728,0.04935064935064935,-0.04764121663563022,1.3365384615384617,-0.6022727272727273
0.3003461500192157,proclamar:VERB,,0.25,0.5,0.25,-1.0,5.0,-2.0
0.22978021265966517,referir:VERB,,0.5454545454545454,0.39999999999999997,0.05454545454545454,-0.603448275862069,3.576190476190476,-5.0
