probability,verb,prev_layer,subj_freq,obj_freq,iobj_freq,subj_avdist,obj_avdist,iobj_avdist
0.10505297208042995,aconselhar:VERB,,0.35294117647058826,0.4117647058823529,0.23529411764705882,3.0,-2.0,-3.75
0.37500801192317984,encarar:VERB,,0.2,0.4,0.4,8.0,-1.75,-4.5
0.24281618002244817,enriquecer:VERB,,0.2,0.6,0.2,2.0,-2.6666666666666665,-4.0
0.4081187240344978,exortar:VERB,,0.0,0.6666666666666666,0.3333333333333333,0.0,-2.0,-4.0
0.890326026731683,grelhar:VERB,,0.0,0.5,0.5,0.0,-1.0,-5.0
0.13619789181324973,incentivar:VERB,,0.3333333333333333,0.4444444444444444,0.2222222222222222,1.3333333333333333,-1.0,-3.0
0.11907266801731888,obrigar:VERB,,0.3125,0.34375,0.34375,2.2142857142857144,-1.1818181818181819,-4.818181818181818
0.890326026731683,proporcionar:VERB,,0.0,0.5,0.5,0.0,-1.0,-5.0
