probability,verb,prev_layer,subj_freq,obj_freq,iobj_freq,subj_avdist,obj_avdist,iobj_avdist
0.12170175718047055,explicar:VERB,,0.5199999999999999,0.4666666666666667,0.013333333333333334,2.814814814814815,5.281609195402299,3.0
