probability,verb,prev_layer,subj_freq,obj_freq,iobj_freq,subj_avdist,obj_avdist,iobj_avdist
0.1809350464944296,ajudar:VERB,,0.47500000000000003,0.3,0.225,-4.777777777777778,-1.4166666666666667,-0.75
0.3296705334846804,bastar:VERB,,0.7222222222222222,0.05555555555555555,0.2222222222222222,-1.630952380952381,1.0,-1.0
0.6102911495954286,parecer:VERB,,0.5384615384615384,0.054945054945054944,0.4065934065934066,-1.1352941176470588,-2.8333333333333335,-0.7452380952380953
