probability,verb,prev_layer,subj_freq,obj_freq,iobj_freq,subj_avdist,obj_avdist,iobj_avdist
0.38516656984203024,придумати:VERB,,0.42857142857142855,0.42857142857142855,0.14285714285714285,1.6666666666666667,2.3333333333333335,2.0
