probability,verb,prev_layer,subj_freq,obj_freq,iobj_freq,subj_avdist,obj_avdist,iobj_avdist
0.1225174496154174,повідомляти:VERB,,0.7142857142857143,0.21428571428571427,0.07142857142857142,-0.9,-6.25,-1.0
0.14464691904416405,розповідати:VERB,,0.5384615384615384,0.3076923076923077,0.15384615384615385,-0.8571428571428571,-2.0,-1.0
