probability,verb,prev_layer,subj_freq,obj_freq,iobj_freq,subj_avdist,obj_avdist,iobj_avdist
0.24116342193906073,бажати:VERB,,0.25,0.25,0.5,3.0,1.0,0.5
0.4081187240344978,збиратися:VERB,,0.6666666666666666,0.0,0.3333333333333333,1.625,0.0,0.25
0.1185500513594503,співати:VERB,,0.7333333333333333,0.26666666666666666,0.0,1.3636363636363635,-2.75,0.0
