probability,verb,prev_layer,subj_freq,obj_freq,iobj_freq,subj_avdist,obj_avdist,iobj_avdist
0.24116342193906073,бажати:VERB,,0.25,0.25,0.5,3.0,1.0,0.5
0.37500801192317984,вислати:VERB,,0.2,0.4,0.4,2.0,3.5,1.5
0.3713844118498105,вистачати:VERB,,0.0,0.75,0.25,0.0,1.8333333333333333,0.5
0.890326026731683,корчити:VERB,,0.0,0.5,0.5,0.0,4.0,3.0
0.4081187240344978,призначати:VERB,,0.0,0.6666666666666666,0.3333333333333333,0.0,3.5,2.0
0.890326026731683,приспічити:VERB,,0.0,0.5,0.5,0.0,5.0,3.0
