probability,verb,prev_layer,subj_freq,obj_freq,iobj_freq,subj_avdist,obj_avdist,iobj_avdist
0.12846690947268397,вразити:VERB,,0.5,0.3333333333333333,0.16666666666666666,-2.5,1.5,2.0
0.11566066115513106,розповісти:VERB,,0.6,0.3,0.1,-0.3333333333333333,2.6666666666666665,1.0
0.12846690947268397,скаржитися:VERB,,0.5,0.3333333333333333,0.16666666666666666,-0.3333333333333333,-5.0,3.0
