probability,verb,prev_layer,subj_freq,obj_freq,iobj_freq,subj_avdist,obj_avdist,iobj_avdist
0.34171581875374024,пояснити:VERB,,0.4444444444444444,0.4444444444444444,0.1111111111111111,-1.0,-5.833333333333333,-1.0
