probability,verb,prev_layer,subj_freq,obj_freq,iobj_freq,subj_avdist,obj_avdist,iobj_avdist
0.1733547151063608,вибити:VERB,,0.0,0.6666666666666666,0.3333333333333333,0.0,-2.5,-1.0
0.31426376365913994,забути:VERB,,0.5,0.4,0.1,0.0,-3.666666666666667,-2.0
0.12707918327503803,замовити:VERB,,0.0,0.75,0.25,0.0,-2.6666666666666665,-1.0
0.15495427206929868,повідомляти:VERB,,0.7142857142857143,0.21428571428571427,0.07142857142857142,-0.9,-6.25,-1.0
0.1733547151063608,пробивати:VERB,,0.0,0.6666666666666666,0.3333333333333333,0.0,-2.0,-1.0
0.7912772265573574,роздіймати:VERB,,0.3333333333333333,0.3333333333333333,0.3333333333333333,-1.0,-3.0,-2.0
0.292012066350324,розповідати:VERB,,0.5384615384615384,0.3076923076923077,0.15384615384615385,-0.8571428571428571,-2.0,-1.0
