probability,verb,prev_layer,subj_freq,obj_freq,iobj_freq,subj_avdist,obj_avdist,iobj_avdist
0.7912772265573574,змусити:VERB,,0.3333333333333333,0.3333333333333333,0.3333333333333333,2.0,3.5,-2.0
0.38518702556790485,повернути:VERB,,0.4,0.4,0.2,1.0,1.0,-1.0
0.2447194915672523,призначити:VERB,,0.2,0.6,0.2,1.0,1.0,-1.0
0.2514362425941356,сподобатися:VERB,,0.42857142857142855,0.5,0.07142857142857142,0.3333333333333333,1.2857142857142858,-1.0
