probability,verb,prev_layer,subj_freq,obj_freq,iobj_freq,subj_avdist,obj_avdist,iobj_avdist
0.38518702556790485,обрати:VERB,,0.4,0.4,0.2,-1.25,0.75,-1.0
0.2947736098431853,подобатися:VERB,,0.3181818181818182,0.5454545454545454,0.13636363636363635,-2.2,2.0833333333333335,-1.0
0.7912772265573574,пропонуватися:VERB,,0.3333333333333333,0.3333333333333333,0.3333333333333333,-2.0,2.0,-1.0
