probability,verb,prev_layer,subj_freq,obj_freq,iobj_freq,subj_avdist,obj_avdist,iobj_avdist
0.6933062470910031,могти:VERB,,0.4275,0.005,0.5675,-2.9705882352941178,-1.5,-1.5154185022026432
0.1572717277919883,стати:VERB,,0.7948717948717948,0.08974358974358974,0.11538461538461539,-4.776836158192091,-2.3333333333333335,-1.2222222222222223
0.890326026731683,схотіти:VERB,,0.5,0.0,0.5,-2.0,0.0,-1.0
