probability,verb,prev_layer,subj_freq,obj_freq,iobj_freq,subj_avdist,obj_avdist,iobj_avdist
0.22405314047505598,вдатися:VERB,,0.06666666666666667,0.6666666666666667,0.26666666666666666,1.0,0.3571428571428571,5.833333333333333
0.7912772265573574,переломити:VERB,,0.3333333333333333,0.3333333333333333,0.3333333333333333,2.0,1.0,3.0
0.3225730609388729,подержати:VERB,,0.5,0.3333333333333333,0.16666666666666666,5.0,2.5,5.0
0.2868473468969604,послати:VERB,,0.3333333333333333,0.5555555555555556,0.1111111111111111,1.6666666666666667,0.0,2.0
