probability,verb,prev_layer,subj_freq,obj_freq,iobj_freq,subj_avdist,obj_avdist,iobj_avdist
0.31379012324727357,вдатися:VERB,,0.06666666666666667,0.6666666666666667,0.26666666666666666,1.0,0.3571428571428571,5.833333333333333
0.18750292787632733,купити:VERB,,0.25,0.625,0.125,2.0,0.0,0.5
0.890326026731683,спекти:VERB,,0.0,0.5,0.5,0.0,1.0,2.0
