probability,verb,prev_layer,subj_freq,obj_freq,iobj_freq,subj_avdist,obj_avdist,iobj_avdist
0.3225730609388729,вразити:VERB,,0.5,0.3333333333333333,0.16666666666666666,-2.5,1.5,2.0
0.17335471510636075,регулювати:VERB,,0.3333333333333333,0.6666666666666666,0.0,0.0,0.0,0.0
0.17335471510636075,турбувати:VERB,,0.3333333333333333,0.6666666666666666,0.0,-1.0,0.0,0.0
