probability,verb,prev_layer,subj_freq,obj_freq,iobj_freq,subj_avdist,obj_avdist,iobj_avdist
0.4601311187185013,вдаватися:VERB,,0.2857142857142857,0.42857142857142855,0.2857142857142857,0.0,0.0,-1.0
0.12707918327503803,вручити:VERB,,0.0,0.75,0.25,0.0,6.0,-2.0
0.17642675145759226,довестися:VERB,,0.0,0.6842105263157894,0.3157894736842105,0.0,0.8333333333333333,-1.1666666666666667
0.1733547151063608,кортіти:VERB,,0.0,0.6666666666666666,0.3333333333333333,0.0,0.0,-2.0
0.1733547151063608,перерізати:VERB,,0.0,0.6666666666666666,0.3333333333333333,0.0,0.0,-1.0
0.16289055135470495,пощастити:VERB,,0.0,0.6000000000000001,0.4,0.0,0.0,-1.0
