probability,verb,prev_layer,subj_freq,obj_freq,iobj_freq,subj_avdist,obj_avdist,iobj_avdist
0.11095468521639291,す:VERB,,0.0,0.7272727272727273,0.2727272727272727,0.0,5.125,2.3333333333333335
