probability,verb,prev_layer,subj_freq,obj_freq,iobj_freq,subj_avdist,obj_avdist,iobj_avdist
0.15201974260312304,aipatu:VERB,,0.45,0.525,0.025,-3.7058823529411766,0.8333333333333333,-1.0
0.2620240894044503,esan:VERB,,0.40445859872611467,0.5222929936305732,0.0732484076433121,-1.76,0.42157490396927016,-0.7828947368421053
0.3003461500192157,lapurtu:VERB,,0.25,0.5,0.25,-2.0,2.0,-2.0
