probability,verb,prev_layer,subj_freq,obj_freq,iobj_freq,subj_avdist,obj_avdist,iobj_avdist
0.2868473468969604,bermatu:VERB,,0.3333333333333333,0.5555555555555556,0.1111111111111111,1.0,4.4,1.0
0.22872106659855837,gauzatu:VERB,,0.4666666666666667,0.4666666666666667,0.06666666666666667,1.0,2.142857142857143,2.0
