probability,verb,prev_layer,subj_freq,obj_freq,iobj_freq,subj_avdist,obj_avdist,iobj_avdist
0.12707918327503803,erantsi:VERB,,0.0,0.75,0.25,0.0,2.45,3.6666666666666665
0.20551557626057718,ikertu:VERB,,0.6666666666666666,0.16666666666666666,0.16666666666666666,0.0,2.0,5.0
0.2416919090481683,jasan:VERB,,0.40625,0.53125,0.0625,-0.6153846153846154,1.2352941176470589,2.5
0.3808536451112582,kostatu:VERB,,0.4444444444444444,0.2222222222222222,0.3333333333333333,-0.16666666666666674,1.0,1.25
0.3225730609388729,moztu:VERB,,0.3333333333333333,0.5,0.16666666666666666,-0.75,1.3333333333333333,2.0
0.23223141076870008,nabarmendu:VERB,,0.35294117647058826,0.5882352941176471,0.058823529411764705,-1.1666666666666667,0.0,6.0
0.1733547151063608,tokatu:VERB,,0.6666666666666666,0.0,0.3333333333333333,-1.0,0.0,1.0
