probability,verb,prev_layer,subj_freq,obj_freq,iobj_freq,subj_avdist,obj_avdist,iobj_avdist
0.14464691904416407,aurreikusi:VERB,,0.5384615384615385,0.3076923076923077,0.15384615384615385,-0.3,1.5,-4.0
0.3368352320128248,debekatu:VERB,,0.38888888888888884,0.16666666666666666,0.4444444444444444,-0.25,1.0,-3.857142857142857
0.12846690947268397,defenditu:VERB,,0.5,0.3333333333333333,0.16666666666666666,-0.3333333333333333,1.0,-6.0
0.32877299260946613,gomendatu:VERB,,0.3333333333333333,0.16666666666666666,0.5,0.0,-2.0,-4.5
