probability,verb,prev_layer,subj_freq,obj_freq,iobj_freq,subj_avdist,obj_avdist,iobj_avdist
0.17335471510636075,bahitu:VERB,,0.3333333333333333,0.6666666666666666,0.0,-2.0,-1.0,0.0
0.16862050621825578,frogatu:VERB,,0.375,0.625,0.0,-2.75,-1.6666666666666665,0.0
0.6566621439568856,iruditu:VERB,,0.3529411764705882,0.29411764705882354,0.3529411764705882,-1.9375,-1.4583333333333333,1.4375
0.16289055135470498,laburbildu:VERB,,0.4,0.6,0.0,-2.0,-0.6666666666666666,0.0
