probability,verb,prev_layer,subj_freq,obj_freq,iobj_freq,subj_avdist,obj_avdist,iobj_avdist
0.17335471510636075,agurtu:VERB,,0.6666666666666666,0.3333333333333333,0.0,0.0,-2.0,0.0
0.1733547151063608,ahantzi:VERB,,0.0,0.6666666666666666,0.3333333333333333,0.0,-1.5,4.0
0.354559994582905,atera:VERB,,0.44086021505376344,0.3763440860215054,0.1827956989247312,-1.45,-4.617647058823529,0.7272727272727273
0.2551375789346591,bukatu:VERB,,0.6,0.26666666666666666,0.13333333333333333,-0.6666666666666666,-1.25,1.0
0.2947083553922029,iritzi:VERB,,0.45454545454545453,0.45454545454545453,0.09090909090909091,-0.2,-0.8,0.0
0.17335471510636075,tindatu:VERB,,0.6666666666666666,0.3333333333333333,0.0,-0.5,-5.0,0.0
