probability,verb,prev_layer,subj_freq,obj_freq,iobj_freq,subj_avdist,obj_avdist,iobj_avdist
0.2920120663503239,aurreikusi:VERB,,0.5384615384615385,0.3076923076923077,0.15384615384615385,-0.3,1.5,-4.0
0.34557670420925457,debekatu:VERB,,0.38888888888888884,0.16666666666666666,0.4444444444444444,-0.25,1.0,-3.857142857142857
0.3225730609388729,defenditu:VERB,,0.5,0.3333333333333333,0.16666666666666666,-0.3333333333333333,1.0,-6.0
0.7912772265573574,eskertu:VERB,,0.3333333333333333,0.3333333333333333,0.3333333333333333,-5.0,2.0,-6.0
0.1733547151063608,faltatu:VERB,,0.0,0.6666666666666666,0.3333333333333333,0.0,2.0,-2.0
0.3003461500192157,gogora+araz:VERB,,0.25,0.5,0.25,-2.0,1.0,-3.0
