probability,verb,prev_layer,subj_freq,obj_freq,iobj_freq,subj_avdist,obj_avdist,iobj_avdist
0.1037236058706664,deitu:VERB,,0.3508771929824561,0.24561403508771928,0.40350877192982454,3.0,2.142857142857143,2.065384615384615
0.21899930440218257,egotzi:VERB,,0.25,0.17857142857142858,0.5714285714285714,5.714285714285714,4.8,0.8968253968253967
0.19482639584627578,eraso:VERB,,0.2857142857142857,0.21428571428571427,0.5,2.75,1.6666666666666667,1.5714285714285714
0.16986857458489157,eskatu:VERB,,0.3089005235602094,0.24083769633507854,0.4502617801047121,2.4237288135593222,0.2375,0.12445652173913044
0.18689009758014996,kendu:VERB,,0.29545454545454547,0.4772727272727273,0.22727272727272727,3.0,1.3333333333333333,0.4
0.24281618002244812,konektatu:VERB,,0.2,0.2,0.6,3.0,2.0,1.0
0.2340028938156969,leporatu:VERB,,0.22448979591836735,0.18367346938775508,0.5918367346938775,2.090909090909091,2.125,0.014423076923076927
