probability,verb,prev_layer,subj_freq,obj_freq,iobj_freq,subj_avdist,obj_avdist,iobj_avdist
0.1042397482150258,aritu:VERB,,0.8679245283018868,0.03773584905660377,0.09433962264150944,1.434782608695652,1.0,2.6
0.16804422467285096,gertatu:VERB,,0.7738095238095237,0.10714285714285714,0.11904761904761904,1.40625,1.2222222222222223,1.5625
0.2377871656615272,gustatu:VERB,,0.22727272727272727,0.22727272727272727,0.5454545454545454,1.0,0.8,1.5
0.1594445649844149,konpondu:VERB,,0.5714285714285714,0.2857142857142857,0.14285714285714285,3.0,1.5,4.0
0.22735196805067528,kutsatu:VERB,,0.6666666666666666,0.16666666666666666,0.16666666666666666,2.0,2.0,3.0
0.24116342193906073,marraztu:VERB,,0.5,0.25,0.25,1.5,-7.0,4.0
