probability,verb,prev_layer,subj_freq,obj_freq,iobj_freq,subj_avdist,obj_avdist,iobj_avdist
0.37957315833159194,preguntar:VERB,,0.2138728323699422,0.4393063583815029,0.3468208092485549,-2.125,-1.7792156862745099,-3.481481481481482
