probability,verb,prev_layer,subj_freq,obj_freq,iobj_freq,subj_avdist,obj_avdist,iobj_avdist
0.2503721586472559,teniar:VERB,,0.14285714285714285,0.6428571428571429,0.21428571428571427,-2.0,-1.5555555555555556,-1.6666666666666667
0.21981768498910084,venir:VERB,,0.7266187050359711,0.23741007194244604,0.03597122302158273,-1.248299319727891,-0.18181818181818182,-1.0
