probability,verb,prev_layer,subj_freq,obj_freq,iobj_freq,subj_avdist,obj_avdist,iobj_avdist
0.3041941980462482,explicar:VERB,,0.4246575342465754,0.4811643835616438,0.09417808219178082,-1.3927125506072875,1.2818335631031457,-3.423449612403101
0.34171581875374024,extrañar:VERB,,0.4444444444444444,0.4444444444444444,0.1111111111111111,-0.5714285714285716,1.0,-1.0
0.2690810467520588,imprimir:VERB,,0.2857142857142857,0.5714285714285714,0.14285714285714285,-0.5,0.5,-3.0
0.14809471266739757,quier:VERB,,0.0,0.42857142857142855,0.5714285714285714,0.0,0.3333333333333333,-1.75
0.26816429434120514,remarcar:VERB,,0.38461538461538464,0.5384615384615384,0.07692307692307693,-1.0,9.428571428571429,-4.0
