probability,verb,prev_layer,subj_freq,obj_freq,iobj_freq,subj_avdist,obj_avdist,iobj_avdist
0.12846690947268397,hecho:VERB,,0.16666666666666666,0.3333333333333333,0.5,-2.0,2.0,-0.6666666666666666
0.890326026731683,miiver:VERB,,0.5,0.0,0.5,-10.0,0.0,-1.0
0.2376239027900642,negar:VERB,,0.3410138248847926,0.2764976958525346,0.3824884792626728,-2.102739726027397,-4.174285714285714,-0.9190909090909092
0.22735196805067534,nó:VERB,,0.16666666666666666,0.16666666666666666,0.6666666666666666,-3.0,-8.0,-1.5
0.10395106403032245,parecer:VERB,,0.3883928571428571,0.34375,0.26785714285714285,-0.8789473684210525,-1.8636363636363635,-0.505050505050505
0.16848648074180889,venir:VERB,,0.7266187050359711,0.23741007194244604,0.03597122302158273,-1.248299319727891,-0.18181818181818182,-1.0
