probability,verb,prev_layer,subj_freq,obj_freq,iobj_freq,subj_avdist,obj_avdist,iobj_avdist
0.10693349677729327,convenir:VERB,,0.6296296296296295,0.2962962962962963,0.07407407407407407,-1.9134615384615383,-19.583333333333332,-7.0
0.12057427748868431,estar:VERB,,0.7028571428571428,0.2704761904761905,0.02666666666666667,-1.4325068870523416,-3.022393822393822,-1.7
0.24116342193906073,meder:VERB,,0.5,0.25,0.25,0.0,-4.0,-3.0
0.183863761288389,servir:VERB,,0.45848375451263534,0.29963898916967513,0.24187725631768953,-1.023809523809524,-4.133458646616542,-1.4295238095238094
