probability,verb,prev_layer,subj_freq,obj_freq,iobj_freq,subj_avdist,obj_avdist,iobj_avdist
0.37303593724169215,advertir:VERB,,0.3817204301075269,0.45698924731182794,0.16129032258064518,-2.6285714285714286,-2.9866760168302946,-3.75
0.20061502692771185,calcular:VERB,,0.43548387096774194,0.5161290322580645,0.04838709677419355,-0.10000000000000009,-4.228744939271255,-13.5
0.2230520362094622,contar:VERB,,0.4834605597964377,0.4529262086513995,0.06361323155216285,-2.0264550264550265,-4.575447570332481,-7.576086956521739
0.2681791966702444,corresponder:VERB,,0.5550239234449761,0.36363636363636365,0.08133971291866028,-0.4537500000000001,-0.5131578947368421,-2.625
0.2755567623577312,creer:VERB,,0.2926829268292683,0.5232815964523282,0.18403547671840353,-1.0024590163934426,-2.9699103713188224,-3.403636363636364
0.2089991147266244,temer:VERB,,0.4186046511627907,0.5348837209302326,0.046511627906976744,-1.0999999999999996,-4.7182539682539675,-6.5
0.27120043408961547,valer:VERB,,0.411764705882353,0.5098039215686274,0.0784313725490196,-0.3214285714285715,-0.6153846153846154,-1.0
