probability,verb,prev_layer,subj_freq,obj_freq,iobj_freq,subj_avdist,obj_avdist,iobj_avdist
0.18810628390420023,concluir:VERB,,0.6020408163265306,0.37755102040816324,0.02040816326530612,3.011695906432749,6.031666666666667,6.5
0.298154532332853,lesionar:VERB,,0.5,0.3,0.2,0.2,1.0,1.0
0.2447194915672523,llover:VERB,,0.6,0.2,0.2,0.6666666666666666,1.0,2.0
0.29545160042965407,relatar:VERB,,0.3939393939393939,0.5151515151515151,0.09090909090909091,2.5384615384615383,2.5833333333333335,8.0
0.2523054054114255,vaticinar:VERB,,0.6,0.30000000000000004,0.1,0.16666666666666666,1.75,8.0
