probability,verb,prev_layer,subj_freq,obj_freq,iobj_freq,subj_avdist,obj_avdist,iobj_avdist
0.2310200869590499,apuntar:VERB,,0.44155844155844154,0.4935064935064935,0.06493506493506493,-1.5298507462686568,2.9752688172043014,-0.875
0.3513301299743545,decir:VERB,,0.3667728237791932,0.4920382165605096,0.14118895966029724,-1.578377143603048,0.62,-0.18800114547537228
0.2528890103981491,espetar:VERB,,0.16666666666666666,0.5833333333333333,0.25,-3.5,4.5,-2.0
0.39707865296669015,gustar:VERB,,0.4107142857142857,0.3794642857142857,0.20982142857142858,-0.8257575757575757,1.411764705882353,-0.2833333333333333
0.3225730609388729,hecho:VERB,,0.16666666666666666,0.3333333333333333,0.5,-2.0,2.0,-0.6666666666666666
0.208325271971605,salir:VERB,,0.657258064516129,0.29838709677419356,0.04435483870967742,-1.3633540372670807,0.09722222222222221,-0.25
