probability,verb,prev_layer,subj_freq,obj_freq,iobj_freq,subj_avdist,obj_avdist,iobj_avdist
0.24188591474160184,asegurar:VERB,,0.4041533546325879,0.5335463258785942,0.06230031948881789,-6.970238095238095,-2.6310081223124704,-1.8609625668449197
0.35360934245008846,establecer:VERB,,0.4294117647058824,0.45294117647058824,0.11764705882352941,-6.146739130434783,-5.683894230769231,-1.4411764705882353
0.3662629596005698,prohibir:VERB,,0.3142857142857143,0.4571428571428572,0.22857142857142856,-3.412280701754386,-2.511494252873563,-1.05
0.3422266629975263,saber:VERB,,0.3214953271028037,0.4672897196261683,0.21121495327102804,-2.8915119363395227,-2.4161655954108787,-0.3622727272727273
0.24783917780835546,traer:VERB,,0.3170731707317073,0.5975609756097561,0.08536585365853658,-2.04,-1.7755102040816326,-0.5833333333333334
