probability,verb,prev_layer,subj_freq,obj_freq,iobj_freq,subj_avdist,obj_avdist,iobj_avdist
0.7912772265573574,consentir:VERB,,0.3333333333333333,0.3333333333333333,0.3333333333333333,7.0,12.0,11.0
0.7912772265573574,especular:VERB,,0.3333333333333333,0.3333333333333333,0.3333333333333333,1.0,3.0,2.0
0.21401041254939582,finalizar:VERB,,0.6956521739130435,0.2608695652173913,0.043478260869565216,0.9375,9.833333333333334,1.0
0.25073922174303737,ilustrar:VERB,,0.35714285714285715,0.5714285714285714,0.07142857142857142,1.0,2.5,1.0
