probability,verb,prev_layer,subj_freq,obj_freq,iobj_freq,subj_avdist,obj_avdist,iobj_avdist
0.4258875839620046,muset:VERB,,0.34450171821305847,0.05584192439862543,0.5996563573883161,-0.7443790451706019,-2.923076923076923,1.1846264367816093
0.4081187240344978,namluvit:VERB,,0.3333333333333333,0.0,0.6666666666666666,-3.0,0.0,0.0
0.24116342193906073,ošidit:VERB,,0.25,0.25,0.5,-1.0,2.0,2.0
0.1620301356478242,rozumět:VERB,,0.6091954022988506,0.27011494252873564,0.1206896551724138,-0.36734693877551017,-3.25,2.7279411764705883
0.11855005135945033,stavět:VERB,,0.7333333333333334,0.26666666666666666,0.0,-0.175,-2.5,0.0
0.24116342193906073,uveřejňovat:VERB,,0.25,0.25,0.5,-1.0,-3.0,2.0
0.3544246971700582,začít:VERB,,0.29411764705882354,0.0196078431372549,0.6862745098039216,-0.48214285714285715,-3.5,2.557971014492754
0.15521861915718277,zbývat:VERB,,0.7,0.25,0.05,-1.6974358974358976,0.8,4.5
