probability,verb,prev_layer,subj_freq,obj_freq,iobj_freq,subj_avdist,obj_avdist,iobj_avdist
0.4625725491670459,moci:VERB,,0.3580343213728549,0.04797191887675507,0.59399375975039,-1.1927909833606496,-9.520491803278688,-0.7910478547854786
0.890326026731683,mračit:VERB,,0.5,0.0,0.5,-2.0,0.0,-2.0
0.24116342193906073,musit:VERB,,0.25,0.25,0.5,-4.0,-2.0,-1.0
0.2922007655913872,pomoci:VERB,,0.3870967741935484,0.25806451612903225,0.3548387096774194,-1.5217391304347827,1.875,-0.08119658119658113
0.1024607046902445,přijít:VERB,,0.8846153846153847,0.019230769230769232,0.09615384615384616,-2.4,-1.0,-0.6
0.3100874183533857,sejít:VERB,,0.8,0.0,0.2,-2.25,0.0,-2.0
0.1880754722150443,vyplatit:VERB,,0.8571428571428571,0.0,0.14285714285714285,-1.125,0.0,-1.0
0.11737657894564289,zůstat:VERB,,0.5625,0.3125,0.125,-9.62,-1.7333333333333334,-2.0
