probability,verb,prev_layer,subj_freq,obj_freq,iobj_freq,subj_avdist,obj_avdist,iobj_avdist
0.4081187240344978,běžet:VERB,,0.6666666666666666,0.0,0.3333333333333333,0.5,0.0,1.5
0.12888296873711086,dívat:VERB,,0.75,0.16666666666666666,0.08333333333333333,2.0,-6.5,8.0
0.2535916698428996,hlásit:VERB,,0.6363636363636364,0.18181818181818182,0.18181818181818182,1.1428571428571428,-1.0,1.5
0.12451835304250301,mluvit:VERB,,0.8888888888888888,0.0,0.1111111111111111,1.75,0.0,4.0
0.4081187240344978,pochlubit:VERB,,0.3333333333333333,0.0,0.6666666666666666,2.0,0.0,5.0
0.890326026731683,přilehnout:VERB,,0.5,0.0,0.5,1.0,0.0,1.0
0.25823759267309104,rozhodnout:VERB,,0.4473684210526316,0.2631578947368421,0.2894736842105263,0.47058823529411764,-6.6,1.0909090909090908
0.24116342193906073,ukrást:VERB,,0.5,0.25,0.25,1.0,2.0,3.0
