probability,verb,prev_layer,subj_freq,obj_freq,iobj_freq,subj_avdist,obj_avdist,iobj_avdist
0.15787199454405068,psát:VERB,,0.4363636363636364,0.5454545454545454,0.01818181818181818,0.27368421052631575,3.2241379310344827,4.0
0.38518702556790485,sníst:VERB,,0.2,0.4,0.4,1.0,2.0,2.5
0.3003461500192157,ukrást:VERB,,0.5,0.25,0.25,1.0,2.0,3.0
0.3225730609388729,vytyčit:VERB,,0.3333333333333333,0.5,0.16666666666666666,0.5,2.0,4.0
