probability,verb,prev_layer,subj_freq,obj_freq,iobj_freq,subj_avdist,obj_avdist,iobj_avdist
0.22346704698808914,dělat:VERB,,0.3235294117647059,0.6176470588235294,0.058823529411764705,-1.5462962962962965,-1.9951923076923077,-0.1875
0.219711329508354,moci:VERB,,0.3580343213728549,0.04797191887675507,0.59399375975039,-1.1927909833606496,-9.520491803278688,-0.7910478547854786
0.36979923112069935,nabízet:VERB,,0.36363636363636365,0.43636363636363634,0.2,-0.5526315789473684,-1.0833333333333333,-0.18181818181818182
0.7912772265573574,půjčit:VERB,,0.3333333333333333,0.3333333333333333,0.3333333333333333,-2.0,-3.0,-1.0
0.1933164281071047,ukazovat:VERB,,0.6024844720496895,0.3726708074534162,0.024844720496894408,-2.6631578947368415,-5.683501683501683,-1.8333333333333335
