probability,verb,prev_layer,subj_freq,obj_freq,iobj_freq,subj_avdist,obj_avdist,iobj_avdist
0.24116342193906073,nakupovat:VERB,,0.25,0.5,0.25,11.0,4.0,3.0
0.24281618002244817,opatřovat:VERB,,0.2,0.6,0.2,3.0,1.3333333333333333,1.0
0.890326026731683,prohánět:VERB,,0.0,0.5,0.5,0.0,5.0,1.0
0.890326026731683,přikázat:VERB,,0.0,0.5,0.5,0.0,3.0,1.0
0.1185500513594503,seznámit:VERB,,0.26666666666666666,0.7333333333333333,0.0,4.0,0.5454545454545454,0.0
0.24116342193906073,vyúčtovat:VERB,,0.25,0.5,0.25,-2.0,1.5,1.0
0.12575513653607914,ztratit:VERB,,0.2692307692307693,0.6923076923076923,0.038461538461538464,-3.1666666666666665,6.823529411764706,4.0
