probability,verb,prev_layer,subj_freq,obj_freq,iobj_freq,subj_avdist,obj_avdist,iobj_avdist
0.1733547151063608,běžet:VERB,,0.6666666666666666,0.0,0.3333333333333333,0.5,0.0,1.5
0.7912772265573574,křivit:VERB,,0.3333333333333333,0.3333333333333333,0.3333333333333333,2.0,1.0,3.0
0.3225730609388729,obsluhovat:VERB,,0.16666666666666666,0.5,0.3333333333333333,1.0,0.0,2.0
0.1733547151063608,pochlubit:VERB,,0.3333333333333333,0.0,0.6666666666666666,2.0,0.0,5.0
0.2447194915672523,povolovat:VERB,,0.2,0.6,0.2,2.0,1.0,2.0
