probability,verb,prev_layer,subj_freq,obj_freq,iobj_freq,subj_avdist,obj_avdist,iobj_avdist
0.16289055135470498,nabídnout:VERB,,0.0,0.6,0.4,0.0,-0.8333333333333334,-1.25
0.7912772265573574,nadhodit:VERB,,0.3333333333333333,0.3333333333333333,0.3333333333333333,-2.0,-4.0,-5.0
0.1733547151063608,nazvat:VERB,,0.0,0.6666666666666666,0.3333333333333333,0.0,-0.5,-1.0
0.1883295986552849,odevzdat:VERB,,0.0,0.7222222222222222,0.2777777777777778,0.0,-0.38461538461538464,-2.8
0.1733547151063608,popíjet:VERB,,0.0,0.3333333333333333,0.6666666666666666,0.0,-1.0,-5.0
0.3571703825498722,předkládat:VERB,,0.35,0.45,0.2,-0.8333333333333334,-1.0,-6.25
0.16289055135470498,zkusit:VERB,,0.0,0.6,0.4,0.0,-1.1666666666666667,-2.0
0.18522117525734036,zvednout:VERB,,0.0,0.7142857142857143,0.2857142857142857,0.0,-1.4,-2.5
0.2523054054114255,škodit:VERB,,0.6,0.3,0.1,-0.5,-0.6666666666666666,-3.0
