probability,verb,prev_layer,subj_freq,obj_freq,iobj_freq,subj_avdist,obj_avdist,iobj_avdist
0.15139191355481021,odpovídat:VERB,,0.5201793721973095,0.452914798206278,0.026905829596412554,-5.408695652173913,0.015306122448979609,-0.3999999999999999
0.5185763770034251,pokládat:VERB,,0.3333333333333333,0.4,0.26666666666666666,-14.666666666666666,1.4166666666666667,-0.2142857142857142
0.515722860978766,pomoci:VERB,,0.3870967741935484,0.25806451612903225,0.3548387096774194,-1.5217391304347827,1.875,-0.08119658119658113
0.38516656984203024,udělovat:VERB,,0.42857142857142855,0.42857142857142855,0.14285714285714285,-5.333333333333333,4.0,-4.0
