probability,verb,prev_layer,subj_freq,obj_freq,iobj_freq,subj_avdist,obj_avdist,iobj_avdist
0.3003461500192157,musit:VERB,,0.25,0.25,0.5,-4.0,-2.0,-1.0
0.3808536451112582,navrhovat:VERB,,0.3333333333333333,0.4444444444444444,0.2222222222222222,-6.0,-3.75,-1.0
0.1837051969631414,stát:VERB,,0.6956521739130435,0.29891304347826086,0.005434782608695652,-3.950847457627119,-1.1272727272727272,-1.0
0.3119361408425802,ukázat:VERB,,0.22807017543859648,0.49122807017543857,0.2807017543859649,-4.625,-2.1904761904761902,-1.2142857142857144
