probability,verb,prev_layer,subj_freq,obj_freq,iobj_freq,subj_avdist,obj_avdist,iobj_avdist
0.5422223415140333,bisognare:VERB,,0.06451612903225806,0.5483870967741935,0.3870967741935484,1.5,0.203125,-1.25
0.12846690947268397,esitare:VERB,,0.3333333333333333,0.16666666666666666,0.5,3.0,3.0,-2.6666666666666665
0.32877299260946613,intitolare:VERB,,0.16666666666666666,0.3333333333333333,0.5,6.0,1.0,-1.3333333333333333
0.13920725977815326,osare:VERB,,0.18181818181818182,0.09090909090909091,0.7272727272727273,1.5,2.0,-1.0
0.24116342193906073,prefiggere:VERB,,0.25,0.5,0.25,3.0,2.0,-2.0
0.890326026731683,pungere:VERB,,0.0,0.5,0.5,0.0,1.0,-1.0
0.890326026731683,ripresentare:VERB,,0.0,0.5,0.5,0.0,2.0,-3.0
0.24116342193906073,strappare:VERB,,0.25,0.5,0.25,11.0,0.0,-1.0
