probability,verb,prev_layer,subj_freq,obj_freq,iobj_freq,subj_avdist,obj_avdist,iobj_avdist
0.12707918327503803,rimborsare:VERB,,0.75,0.0,0.25,1.6666666666666667,0.0,3.0
0.16289055135470498,rispostare:VERB,,0.4,0.0,0.6,2.0,0.0,2.3333333333333335
0.1733547151063608,scivolare:VERB,,0.6666666666666666,0.0,0.3333333333333333,0.5,0.0,1.0
0.12707918327503803,vincolare:VERB,,0.75,0.0,0.25,3.0,0.0,5.0
