probability,verb,prev_layer,subj_freq,obj_freq,iobj_freq,subj_avdist,obj_avdist,iobj_avdist
0.3257078576799937,bastare:VERB,,0.5147058823529411,0.36764705882352944,0.11764705882352941,-1.4533333333333331,-1.0096153846153846,-2.1
0.2168115281835633,pregare:VERB,,0.041666666666666664,0.7083333333333333,0.25,-2.0,-1.15625,-2.5
