probability,verb,prev_layer,subj_freq,obj_freq,iobj_freq,subj_avdist,obj_avdist,iobj_avdist
0.35967390084413037,invitare:VERB,,0.33333333333333337,0.4545454545454546,0.21212121212121213,-1.0416666666666665,-1.8571428571428572,-0.6666666666666667
0.38518702556790485,levare:VERB,,0.2,0.4,0.4,-2.0,-3.0,-2.0
0.594985594916311,proporre:VERB,,0.35443037974683544,0.3670886075949367,0.27848101265822783,-1.7954545454545454,-5.37,-0.8125
0.2244145490370935,stare:VERB,,0.474025974025974,0.06493506493506493,0.461038961038961,-0.7155797101449275,-2.4000000000000004,-0.3582995951417004
