probability,verb,prev_layer,subj_freq,obj_freq,iobj_freq,subj_avdist,obj_avdist,iobj_avdist
0.890326026731683,incominciare:VERB,,0.5,0.0,0.5,-2.5,0.0,-2.0
0.1365348056724119,spettare:VERB,,0.8823529411764706,0.0,0.11764705882352941,-3.1153846153846154,0.0,-2.5
0.7019488122659723,stare:VERB,,0.474025974025974,0.06493506493506493,0.461038961038961,-0.7155797101449275,-2.4000000000000004,-0.3582995951417004
