probability,verb,prev_layer,subj_freq,obj_freq,iobj_freq,subj_avdist,obj_avdist,iobj_avdist
0.3225730609388729,esitare:VERB,,0.3333333333333333,0.16666666666666666,0.5,3.0,3.0,-2.6666666666666665
0.2447194915672523,omettere:VERB,,0.6000000000000001,0.2,0.2,1.5,2.0,-5.0
0.13732723414964879,osare:VERB,,0.18181818181818182,0.09090909090909091,0.7272727272727273,1.5,2.0,-1.0
0.2120206771366809,provvedere:VERB,,0.6818181818181818,0.045454545454545456,0.2727272727272727,2.066666666666667,6.0,-1.7
