probability,verb,prev_layer,subj_freq,obj_freq,iobj_freq,subj_avdist,obj_avdist,iobj_avdist
0.10501496607108506,arrivare:VERB,,0.829113924050633,0.08860759493670886,0.08227848101265822,-0.2153846153846154,-3.208333333333333,-0.48611111111111116
0.788702315064295,cominciare:VERB,,0.5135135135135135,0.02702702702702703,0.4594594594594595,-1.6160714285714286,-2.3333333333333335,-2.1176470588235294
0.15521861915718277,contare:VERB,,0.7,0.25,0.05,-1.0416666666666667,-2.4,-2.0
0.785910653007268,divenire:VERB,,0.46835443037974683,0.0379746835443038,0.4936708860759494,-1.6142857142857143,-5.0,-1.794871794871795
0.16651433267599972,impedire:VERB,,0.45555555555555555,0.3111111111111111,0.23333333333333334,-0.6625000000000001,-2.625,-1.9833333333333334
0.19754343902911523,impiegare:VERB,,0.7272727272727273,0.13636363636363635,0.13636363636363635,-0.25,1.3333333333333333,-0.5
0.24281618002244817,ricominciare:VERB,,0.6000000000000001,0.2,0.2,-1.0,-3.0,-2.0
0.4081187240344978,stancare:VERB,,0.6666666666666666,0.0,0.3333333333333333,-0.5,0.0,-2.0
