probability,verb,prev_layer,subj_freq,obj_freq,iobj_freq,subj_avdist,obj_avdist,iobj_avdist
0.17335471510636075,arrecare:VERB,,0.6666666666666666,0.3333333333333333,0.0,1.5,5.0,0.0
0.17335471510636075,crocifiggere:VERB,,0.3333333333333333,0.6666666666666666,0.0,2.0,2.0,0.0
0.17335471510636075,esiliare:VERB,,0.6666666666666666,0.3333333333333333,0.0,1.5,3.0,0.0
0.12707918327503803,predire:VERB,,0.75,0.25,0.0,1.6666666666666667,4.0,0.0
