probability,verb,prev_layer,subj_freq,obj_freq,iobj_freq,subj_avdist,obj_avdist,iobj_avdist
0.13556602991728037,impiegare:VERB,,0.7272727272727273,0.13636363636363635,0.13636363636363635,-0.25,1.3333333333333333,-0.5
0.1733547151063608,stancare:VERB,,0.6666666666666666,0.0,0.3333333333333333,-0.5,0.0,-2.0
