probability,verb,prev_layer,subj_freq,obj_freq,iobj_freq,subj_avdist,obj_avdist,iobj_avdist
0.1665237699391207,coprire:VERB,,0.4358974358974359,0.5384615384615384,0.02564102564102564,-0.40625,-0.7619047619047619,-1.0
