probability,verb,prev_layer,subj_freq,obj_freq,iobj_freq,subj_avdist,obj_avdist,iobj_avdist
0.14485709088346985,cominciare:VERB,,0.5135135135135135,0.02702702702702703,0.4594594594594595,-1.6160714285714286,-2.3333333333333335,-2.1176470588235294
0.22010995983888645,contare:VERB,,0.7,0.25,0.05,-1.0416666666666667,-2.4,-2.0
0.596439199938637,desiderare:VERB,,0.28125,0.34375,0.375,-1.6666666666666667,-2.75,-1.75
0.15618041375453465,divenire:VERB,,0.46835443037974683,0.0379746835443038,0.4936708860759494,-1.6142857142857143,-5.0,-1.794871794871795
0.33888191969438203,girare:VERB,,0.5,0.35,0.15,-0.33333333333333337,-2.0,-1.3333333333333333
0.3717992700601273,impedire:VERB,,0.45555555555555555,0.3111111111111111,0.23333333333333334,-0.6625000000000001,-2.625,-1.9833333333333334
0.3558505910936052,mantenere:VERB,,0.3870967741935484,0.4838709677419355,0.12903225806451613,-0.1222222222222223,-2.4,-1.75
0.2447194915672523,ricominciare:VERB,,0.6000000000000001,0.2,0.2,-1.0,-3.0,-2.0
0.2089991147266244,studiare:VERB,,0.41860465116279066,0.5348837209302325,0.046511627906976744,-0.25,-1.7391304347826086,-1.0
