probability,verb,prev_layer,subj_freq,obj_freq,iobj_freq,subj_avdist,obj_avdist,iobj_avdist
0.12707918327503803,accendere:VERB,,0.25,0.75,0.0,-2.0,-2.0,0.0
0.17335471510636075,accomunare:VERB,,0.3333333333333333,0.6666666666666666,0.0,-2.0,-2.0,0.0
0.10849982966866378,acquisire:VERB,,0.5294117647058824,0.47058823529411764,0.0,-3.625,-2.875,0.0
0.14809471266739757,celebrare:VERB,,0.42857142857142855,0.5714285714285714,0.0,-0.75,-0.5,0.0
0.17335471510636075,giuntare:VERB,,0.6666666666666666,0.3333333333333333,0.0,-4.0,-3.0,0.0
0.10849982966866378,importare:VERB,,0.5294117647058824,0.47058823529411764,0.0,-4.3125,-2.5,0.0
0.48918785494298894,ritrovare:VERB,,0.3571428571428571,0.39285714285714285,0.25,-4.625,-0.45454545454545453,0.41666666666666663
0.16289055135470495,sancire:VERB,,0.6000000000000001,0.4,0.0,-31.25,-3.0,0.0
0.17335471510636075,stendere:VERB,,0.3333333333333333,0.6666666666666666,0.0,-2.0,-2.0,0.0
