probability,verb,prev_layer,subj_freq,obj_freq,iobj_freq,subj_avdist,obj_avdist,iobj_avdist
0.9624989984449877,al:VERB,,0.0,1.0,0.0,0.0,-0.5,0.0
0.9624989984449877,kana:VERB,,0.0,1.0,0.0,0.0,-6.0,0.0
0.9624989984449877,kuşat:VERB,,0.0,1.0,0.0,0.0,-2.0,0.0
0.21891386641657615,var:VERB,,0.4,0.6,0.0,1.0,-0.3333333333333333,0.0
