probability,verb,prev_layer,subj_freq,obj_freq,iobj_freq,subj_avdist,obj_avdist,iobj_avdist
0.12707918327503803,gör:VERB,,0.25,0.75,0.0,5.0,1.0,0.0
0.1255441306094409,ol:VERB,,0.45454545454545453,0.5454545454545454,0.0,5.8,0.5,0.0
0.17335471510636075,yaz:VERB,,0.3333333333333333,0.6666666666666666,0.0,5.0,2.0,0.0
