probability,verb,prev_layer,subj_freq,obj_freq,iobj_freq,subj_avdist,obj_avdist,iobj_avdist
0.31457995804888284,crede:VERB,,0.4843205574912892,0.33449477351916374,0.18118466898954702,-1.6440298507462687,-1.9723587223587222,-1.6304909560723515
0.21861103622183345,cuveni:VERB,,0.5757575757575757,0.045454545454545456,0.3787878787878788,-0.8238636363636365,-1.75,-0.125
0.2618961470413029,explica:VERB,,0.5882352941176471,0.29411764705882354,0.11764705882352941,-1.0555555555555556,-1.9166666666666667,-0.5
0.3434493341694769,schimba:VERB,,0.36000000000000004,0.5,0.14,-0.17647058823529416,-0.64,-0.15000000000000002
0.3981267925241862,spune:VERB,,0.2096774193548387,0.407258064516129,0.38306451612903225,-1.3433333333333335,-2.9052371541501976,-1.0452898550724639
