probability,verb,prev_layer,subj_freq,obj_freq,iobj_freq,subj_avdist,obj_avdist,iobj_avdist
0.20164298396895247,cădea:VERB,,0.7234848484848485,0.015151515151515152,0.26136363636363635,-0.891430765854729,2.5,-0.10606060606060605
