probability,verb,prev_layer,subj_freq,obj_freq,iobj_freq,subj_avdist,obj_avdist,iobj_avdist
0.890326026731683,Agiunge:VERB,,0.5,0.0,0.5,-3.0,0.0,-1.0
0.14472500022069415,crede:VERB,,0.4843205574912892,0.33449477351916374,0.18118466898954702,-1.6440298507462687,-1.9723587223587222,-1.6304909560723515
0.5252508688242302,cuveni:VERB,,0.5757575757575757,0.045454545454545456,0.3787878787878788,-0.8238636363636365,-1.75,-0.125
0.3393318026338157,cădea:VERB,,0.7234848484848485,0.015151515151515152,0.26136363636363635,-0.891430765854729,2.5,-0.10606060606060605
0.13280141995917777,explica:VERB,,0.5882352941176471,0.29411764705882354,0.11764705882352941,-1.0555555555555556,-1.9166666666666667,-0.5
0.20123507625446957,fi:VERB,,0.8311688311688311,0.021872863978127138,0.1469583048530417,-0.8246593668658844,-3.0833333333333335,-0.7012820512820512
0.11433923594889904,mărturisi:VERB,,0.5158730158730158,0.3333333333333333,0.15079365079365079,-2.75,-2.1009615384615383,-2.172619047619048
0.1025985112098591,veni:VERB,,0.8832391713747646,0.02071563088512241,0.096045197740113,-0.8136563876651983,-1.8833333333333333,-0.7373737373737373
0.18416109968767472,înălța:VERB,,0.7,0.23333333333333334,0.06666666666666667,-1.675,-0.14285714285714285,-1.5
