probability,verb,prev_layer,subj_freq,obj_freq,iobj_freq,subj_avdist,obj_avdist,iobj_avdist
0.29921360528068636,ajunge:VERB,,0.5365853658536586,0.14634146341463414,0.3170731707317073,-1.0,-0.5555555555555556,-1.5416666666666667
0.4601311187185013,pesti:VERB,,0.42857142857142855,0.2857142857142857,0.2857142857142857,-1.6666666666666667,-1.5,-5.0
