probability,verb,prev_layer,subj_freq,obj_freq,iobj_freq,subj_avdist,obj_avdist,iobj_avdist
0.24805940936776016,copleși:VERB,,0.625,0.25,0.125,1.5833333333333333,2.0,15.0
0.3301247999337733,lumina:VERB,,0.5,0.3888888888888889,0.1111111111111111,1.0,1.0,1.0
0.36872659680324965,scutura:VERB,,0.4,0.4666666666666667,0.13333333333333333,1.3333333333333333,2.0,8.5
