probability,verb,prev_layer,subj_freq,obj_freq,iobj_freq,subj_avdist,obj_avdist,iobj_avdist
0.3197174733166167,mărturisi:VERB,,0.5158730158730158,0.3333333333333333,0.15079365079365079,-2.75,-2.1009615384615383,-2.172619047619048
0.7912772265573574,Închina:VERB,,0.3333333333333333,0.3333333333333333,0.3333333333333333,-3.0,-1.0,-2.0
0.2314401760354216,înălța:VERB,,0.7,0.23333333333333334,0.06666666666666667,-1.675,-0.14285714285714285,-1.5
