probability,verb,prev_layer,subj_freq,obj_freq,iobj_freq,subj_avdist,obj_avdist,iobj_avdist
0.1733547151063608,de:VERB,,0.0,0.6666666666666666,0.3333333333333333,0.0,0.5,-3.0
0.3483449586893561,folosi:VERB,,0.49411764705882355,0.3764705882352941,0.12941176470588237,-0.39743589743589736,1.596774193548387,-1.4545454545454546
0.38518702556790485,lămuri:VERB,,0.4,0.4,0.2,-1.5,0.75,-3.0
0.3003461500192157,prigoni:VERB,,0.5,0.25,0.25,-2.5,1.0,-12.0
0.1733547151063608,trona:VERB,,0.6666666666666666,0.0,0.3333333333333333,-0.5,0.0,-1.0
0.1733547151063608,urla:VERB,,0.6666666666666666,0.0,0.3333333333333333,0.0,0.0,-1.0
0.1733547151063608,înclina:VERB,,0.0,0.6666666666666666,0.3333333333333333,0.0,0.5,-1.0
0.2447194915672523,încrede:VERB,,0.2,0.6,0.2,-1.0,0.6666666666666666,-4.0
