probability,verb,prev_layer,subj_freq,obj_freq,iobj_freq,subj_avdist,obj_avdist,iobj_avdist
0.23223141076870008,admite:VERB,,0.5882352941176471,0.35294117647058826,0.058823529411764705,-0.611111111111111,-3.8333333333333335,-5.0
0.1294983161392014,auzit:VERB,,0.16666666666666666,0.7333333333333334,0.1,-0.75,-1.0178571428571428,-2.3333333333333335
0.2952902386517717,cunoaște:VERB,,0.3846153846153846,0.5230769230769231,0.09230769230769231,-0.2937950937950939,-1.8568313953488371,-3.5923076923076924
0.2598052116907571,urma:VERB,,0.45555555555555555,0.4666666666666667,0.07777777777777778,-0.11403508771929823,-1.250663129973475,-1.8
