probability,verb,prev_layer,subj_freq,obj_freq,iobj_freq,subj_avdist,obj_avdist,iobj_avdist
0.12707918327503803,adera:VERB,,0.75,0.25,0.0,0.3333333333333333,5.0,0.0
0.15053548851396964,certa:VERB,,0.42500000000000004,0.575,0.0,0.0625,0.21739130434782608,0.0
0.16289055135470498,chinui:VERB,,0.6,0.4,0.0,1.0,2.5,0.0
0.12707918327503803,cântări:VERB,,0.75,0.25,0.0,1.0,1.0,0.0
0.17335471510636075,dezmierda:VERB,,0.6666666666666666,0.3333333333333333,0.0,0.5,1.0,0.0
0.12707918327503803,fabrica:VERB,,0.75,0.25,0.0,1.0,2.0,0.0
0.5565181020332821,plimba:VERB,,0.4,0.3,0.30000000000000004,0.5,2.6666666666666665,0.0
0.18522117525734036,veseli:VERB,,0.7142857142857143,0.2857142857142857,0.0,0.4,1.0,0.0
0.16289055135470495,încuia:VERB,,0.6000000000000001,0.4,0.0,0.25,0.5,0.0
