probability,verb,prev_layer,subj_freq,obj_freq,iobj_freq,subj_avdist,obj_avdist,iobj_avdist
0.38518702556790485,בחר:VERB,,0.4,0.2,0.4,1.0,-1.0,-5.5
0.3225730609388729,גרם:VERB,,0.16666666666666666,0.5,0.3333333333333333,34.0,-1.0,-15.5
0.7912772265573574,הכריח:VERB,,0.3333333333333333,0.3333333333333333,0.3333333333333333,2.0,-2.0,-3.0
0.38518702556790485,ניסה:VERB,,0.2,0.4,0.4,6.0,-1.5,-5.0
0.2349440907682812,נתן:VERB,,0.3333333333333333,0.6,0.06666666666666667,4.0,-3.2222222222222223,-6.0
0.7912772265573574,שיגר:VERB,,0.3333333333333333,0.3333333333333333,0.3333333333333333,1.0,-1.0,-2.0
