probability,verb,prev_layer,subj_freq,obj_freq,iobj_freq,subj_avdist,obj_avdist,iobj_avdist
0.7912772265573574,הוסיף:VERB,,0.3333333333333333,0.3333333333333333,0.3333333333333333,2.0,-3.0,-1.0
0.38516656984203035,המשיך:VERB,,0.42857142857142855,0.14285714285714285,0.42857142857142855,4.333333333333333,-3.0,-1.6666666666666667
0.7912772265573574,נראה:VERB,,0.3333333333333333,0.3333333333333333,0.3333333333333333,7.5,-5.5,-1.0
0.38518702556790485,ציפה:VERB,,0.4,0.4,0.2,2.5,-2.0,-1.0
0.3217801942043333,רצה:VERB,,0.34782608695652173,0.13043478260869565,0.5217391304347826,5.5,-2.3333333333333335,-1.25
