probability,verb,prev_layer,subj_freq,obj_freq,iobj_freq,subj_avdist,obj_avdist,iobj_avdist
0.32877299260946613,גרם:VERB,,0.16666666666666666,0.5,0.3333333333333333,34.0,-1.0,-15.5
0.890326026731683,השים:VERB,,0.0,0.5,0.5,0.0,-1.0,-2.0
0.37500801192317984,ניסה:VERB,,0.2,0.4,0.4,6.0,-1.5,-5.0
0.11812917731220665,ראה:VERB,,0.09090909090909091,0.8181818181818182,0.09090909090909091,2.0,-2.6666666666666665,-5.0
0.4081187240344978,רכש:VERB,,0.0,0.6666666666666666,0.3333333333333333,0.0,-1.0,-3.0
