probability,verb,prev_layer,subj_freq,obj_freq,iobj_freq,subj_avdist,obj_avdist,iobj_avdist
0.1733547151063608,הפך:VERB,,0.3333333333333333,0.0,0.6666666666666666,6.0,0.0,-7.5
0.16289055135470498,הצליח:VERB,,0.4,0.0,0.6,7.0,0.0,-1.6666666666666667
0.1733547151063608,זכה:VERB,,0.6666666666666666,0.0,0.3333333333333333,2.0,0.0,-1.0
0.12707918327503803,נדרש:VERB,,0.75,0.0,0.25,5.0,0.0,-1.0
