probability,verb,prev_layer,subj_freq,obj_freq,iobj_freq,subj_avdist,obj_avdist,iobj_avdist
0.9624989984449877,אין:VERB,,1.0,0.0,0.0,-2.25,0.0,0.0
0.9624989984449877,היה:VERB,,1.0,0.0,0.0,-3.0,0.0,0.0
0.9624989984449877,התגייס:VERB,,1.0,0.0,0.0,-1.0,0.0,0.0
0.9624989984449877,חסר:VERB,,1.0,0.0,0.0,-2.0,0.0,0.0
0.9624989984449877,כרך:VERB,,1.0,0.0,0.0,-1.0,0.0,0.0
0.9624989984449877,נוצר:VERB,,1.0,0.0,0.0,-2.0,0.0,0.0
0.9624989984449877,נמצא:VERB,,1.0,0.0,0.0,0.0,0.0,0.0
