probability,verb,prev_layer,subj_freq,obj_freq,iobj_freq,subj_avdist,obj_avdist,iobj_avdist
0.44803335369887126,förefalla:VERB,,0.4285714285714286,0.14285714285714285,0.42857142857142855,-3.0,-1.0,-2.6666666666666665
0.24281618002244817,förtjäna:VERB,,0.6000000000000001,0.2,0.2,-14.0,-3.0,-2.0
0.13053031508040353,höra:VERB,,0.6423841059602649,0.2781456953642384,0.07947019867549669,-1.5493827160493827,-3.3214285714285716,-1.5
0.19694676792792634,stå:VERB,,0.7906976744186046,0.06976744186046512,0.13953488372093023,-2.353846153846154,-1.8636363636363638,-2.0
0.115093441128113,säga:VERB,,0.6908462867012091,0.2763385146804836,0.03281519861830742,-4.882817869415807,-3.2856696358806063,-0.3125
0.7295009763841497,verka:VERB,,0.5111111111111111,0.044444444444444446,0.4444444444444444,-2.325,-4.25,-2.3
