probability,verb,prev_layer,subj_freq,obj_freq,iobj_freq,subj_avdist,obj_avdist,iobj_avdist
0.25721833552728834,beteckna:VERB,,0.46153846153846156,0.07692307692307693,0.46153846153846156,3.125,7.0,-2.8333333333333335
0.10953738961149098,bruka:VERB,,0.49056603773584906,0.018867924528301886,0.49056603773584906,0.9509803921568627,5.5,-1.8076923076923077
0.7912772265573574,ålägga:VERB,,0.3333333333333333,0.3333333333333333,0.3333333333333333,2.0,3.0,-2.0
0.2690810467520588,överväga:VERB,,0.5714285714285714,0.2857142857142857,0.14285714285714285,5.75,6.5,-3.0
