probability,verb,prev_layer,subj_freq,obj_freq,iobj_freq,subj_avdist,obj_avdist,iobj_avdist
0.20432254880931777,försäkra:VERB,,0.42857142857142855,0.5238095238095237,0.047619047619047616,0.5555555555555556,-4.0,6.0
0.3225730609388729,godta:VERB,,0.5,0.3333333333333333,0.16666666666666666,1.0,-1.0,2.0
