probability,verb,prev_layer,subj_freq,obj_freq,iobj_freq,subj_avdist,obj_avdist,iobj_avdist
0.18522117525734041,dröja:VERB,,0.7142857142857142,0.2857142857142857,0.0,-3.0,-1.5,0.0
0.16289055135470495,förvåna:VERB,,0.6000000000000001,0.4,0.0,-2.5,-1.0,0.0
0.16289055135470495,glädja:VERB,,0.6000000000000001,0.4,0.0,-1.5,-1.0,0.0
0.162264426302016,skapa:VERB,,0.5982142857142858,0.4017857142857143,0.0,-2.6033029996629593,-1.9333333333333333,0.0
