probability,verb,prev_layer,subj_freq,obj_freq,iobj_freq,subj_avdist,obj_avdist,iobj_avdist
0.1297980368048926,dela:VERB,,0.7419354838709677,0.25806451612903225,0.0,1.9404761904761907,-1.5,0.0
0.1297980368048926,driva:VERB,,0.7419354838709677,0.25806451612903225,0.0,1.6846153846153846,-1.875,0.0
0.11095468521639291,förbättra:VERB,,0.7272727272727273,0.2727272727272727,0.0,3.033333333333333,-1.6666666666666667,0.0
0.11095468521639291,leka:VERB,,0.7272727272727273,0.2727272727272727,0.0,1.25,-1.0,0.0
0.11095468521639291,passera:VERB,,0.7272727272727273,0.2727272727272727,0.0,2.625,-1.3333333333333333,0.0
0.11855005135945033,stänga:VERB,,0.7333333333333334,0.26666666666666666,0.0,2.4166666666666665,-1.75,0.0
0.4081187240344978,teckna:VERB,,0.3333333333333333,0.0,0.6666666666666666,4.0,0.0,0.5
