probability,verb,prev_layer,subj_freq,obj_freq,iobj_freq,subj_avdist,obj_avdist,iobj_avdist
0.12846690947268397,akta:VERB,,0.3333333333333333,0.5,0.16666666666666666,2.0,-1.0,-4.0
0.12846690947268397,förbereda:VERB,,0.3333333333333333,0.5,0.16666666666666666,1.0,-2.3333333333333335,-7.0
0.37500801192317984,leja:VERB,,0.2,0.4,0.4,1.0,-1.0,-3.5
0.2873570882538969,låta:VERB,,0.25757575757575757,0.32575757575757575,0.4166666666666667,3.3333333333333335,-1.372093023255814,-2.7636363636363637
0.4081187240344978,tigga:VERB,,0.0,0.6666666666666666,0.3333333333333333,0.0,-1.0,-4.0
0.11346614424664032,överlämna:VERB,,0.36363636363636365,0.45454545454545453,0.18181818181818182,1.5,-2.0,-3.5
