probability,verb,prev_layer,subj_freq,obj_freq,iobj_freq,subj_avdist,obj_avdist,iobj_avdist
0.16289055135470495,behärska:VERB,,0.6000000000000001,0.4,0.0,2.5,1.0,0.0
0.17335471510636075,förknippa:VERB,,0.6666666666666666,0.3333333333333333,0.0,2.5,2.0,0.0
0.165466250505682,gruppera:VERB,,0.6086956521739131,0.391304347826087,0.0,2.984848484848485,0.2222222222222222,0.0
0.14809471266739757,kommentera:VERB,,0.5714285714285714,0.42857142857142855,0.0,1.0,0.6666666666666666,0.0
0.16698271118617308,starta:VERB,,0.6153846153846154,0.38461538461538464,0.0,1.9166666666666667,0.6,0.0
0.17335471510636075,tilltro:VERB,,0.3333333333333333,0.6666666666666666,0.0,1.0,0.5,0.0
