probability,verb,prev_layer,subj_freq,obj_freq,iobj_freq,subj_avdist,obj_avdist,iobj_avdist
0.2447194915672523,förtjäna:VERB,,0.6000000000000001,0.2,0.2,-14.0,-3.0,-2.0
0.20455909952628784,säga:VERB,,0.6908462867012091,0.2763385146804836,0.03281519861830742,-4.882817869415807,-3.2856696358806063,-0.3125
