probability,verb,prev_layer,subj_freq,obj_freq,iobj_freq,subj_avdist,obj_avdist,iobj_avdist
0.2349440907682812,avslöja:VERB,,0.6000000000000001,0.3333333333333333,0.06666666666666667,-0.25,-2.625,-13.0
0.3003461500192157,förenkla:VERB,,0.5,0.25,0.25,0.0,-2.0,-3.0
0.3849350367210897,nöja:VERB,,0.4166666666666667,0.4166666666666667,0.16666666666666666,-0.2,-1.2,-6.0
0.2807891514984463,roa:VERB,,0.41666666666666663,0.5,0.08333333333333333,-0.875,-1.0,-5.0
0.1733547151063608,tigga:VERB,,0.0,0.6666666666666666,0.3333333333333333,0.0,-1.0,-4.0
0.22760390543730427,underlätta:VERB,,0.5789473684210527,0.3684210526315789,0.05263157894736842,-0.08333333333333333,-2.7142857142857144,-5.0
0.45816092102209754,uppskatta:VERB,,0.41666666666666663,0.3333333333333333,0.25,0.0,-2.8333333333333335,-5.0
