probability,verb,prev_layer,subj_freq,obj_freq,iobj_freq,subj_avdist,obj_avdist,iobj_avdist
0.890326026731683,blockera:VERB,,0.0,0.5,0.5,0.0,-2.0,-1.0
0.12846690947268397,erinra:VERB,,0.3333333333333333,0.5,0.16666666666666666,1.0,-3.75,-1.0
0.12860271347486973,inbilla:VERB,,0.3333333333333333,0.41666666666666663,0.25,1.0,-2.1666666666666665,-1.75
0.12274889720255261,lära:VERB,,0.33695652173913043,0.25,0.41304347826086957,1.9833333333333334,-4.475,-2.736842105263158
0.11592592118118647,skaffa:VERB,,0.35294117647058826,0.4411764705882353,0.20588235294117646,1.5833333333333333,-2.8,-1.2857142857142858
0.4081187240344978,återfå:VERB,,0.0,0.6666666666666666,0.3333333333333333,0.0,-2.5,-1.0
