probability,verb,prev_layer,subj_freq,obj_freq,iobj_freq,subj_avdist,obj_avdist,iobj_avdist
0.8903260267316832,bemöta:VERB,,0.5,0.5,0.0,0.0,0.0,0.0
0.8903260267316832,dåna:VERB,,0.5,0.5,0.0,-1.0,2.0,0.0
0.8903260267316832,förespegla:VERB,,0.5,0.5,0.0,-3.0,1.0,0.0
0.8903260267316832,förråda:VERB,,0.5,0.5,0.0,-1.0,1.0,0.0
0.40811872403449767,uträtta:VERB,,0.6666666666666666,0.3333333333333333,0.0,-0.5,6.0,0.0
