probability,verb,prev_layer,subj_freq,obj_freq,iobj_freq,subj_avdist,obj_avdist,iobj_avdist
0.35806062347240564,bortförklara:VERB,,0.3333333333333333,0.0,0.6666666666666666,4.0,0.0,-5.5
0.28747083432957826,kallas:VERB,,0.375,0.0,0.625,1.0,0.0,-2.2
0.9624989984449874,nedärva:VERB,,0.0,0.0,1.0,0.0,0.0,-1.0
0.35806062347240564,ordinera:VERB,,0.3333333333333333,0.0,0.6666666666666666,1.0,0.0,-4.0
0.9624989984449874,ropa_upp:VERB,,0.0,0.0,1.0,0.0,0.0,-3.0
0.9624989984449874,sök:VERB,,0.0,0.0,1.0,0.0,0.0,-1.0
