probability,verb,prev_layer,subj_freq,obj_freq,iobj_freq,subj_avdist,obj_avdist,iobj_avdist
0.18412596143543136,följa:VERB,,0.6621621621621621,0.32432432432432434,0.013513513513513514,-7.142450142450142,-1.875,-3.0
0.38516656984203035,förefalla:VERB,,0.4285714285714286,0.14285714285714285,0.42857142857142855,-3.0,-1.0,-2.6666666666666665
