probability,verb,prev_layer,subj_freq,obj_freq,iobj_freq,subj_avdist,obj_avdist,iobj_avdist
0.23118940867637122,höra:VERB,,0.6423841059602649,0.2781456953642384,0.07947019867549669,-1.5493827160493827,-3.3214285714285716,-1.5
0.18648094536198184,verka:VERB,,0.5111111111111111,0.044444444444444446,0.4444444444444444,-2.325,-4.25,-2.3
