probability,verb,prev_layer,subj_freq,obj_freq,iobj_freq,subj_avdist,obj_avdist,iobj_avdist
0.12846690947268397,godta:VERB,,0.5,0.3333333333333333,0.16666666666666666,1.0,-1.0,2.0
0.3713844118498105,instämma:VERB,,0.75,0.0,0.25,1.6666666666666667,0.0,3.0
0.3100874183533857,ruva:VERB,,0.8,0.0,0.2,0.75,0.0,1.0
