probability,verb,prev_layer,subj_freq,obj_freq,iobj_freq,subj_avdist,obj_avdist,iobj_avdist
0.18327773040346076,fio:VERB,,0.5889570552147239,0.018404907975460124,0.39263803680981596,-1.5368421052631578,-1.5,-0.10634648370497428
