probability,verb,prev_layer,subj_freq,obj_freq,iobj_freq,subj_avdist,obj_avdist,iobj_avdist
0.12707918327503795,complaceo:VERB,,0.0,0.25,0.75,0.0,-1.0,-1.25
0.2008662818097484,consummo:VERB,,0.5555555555555556,0.4074074074074074,0.037037037037037035,-0.2857142857142857,-0.6363636363636364,-2.0
0.13266763763611683,firmo:VERB,,0.7333333333333334,0.2,0.06666666666666667,-0.16666666666666666,-0.75,-3.0
0.5565181020332823,innuo:VERB,,0.4,0.30000000000000004,0.3,-0.25,-1.25,-1.6666666666666667
0.16289055135470498,retribuo:VERB,,0.0,0.6,0.4,0.0,-1.0,-1.5
