probability,verb,prev_layer,subj_freq,obj_freq,iobj_freq,subj_avdist,obj_avdist,iobj_avdist
0.18028926672059814,adjungo:VERB,,0.4363636363636364,0.5272727272727272,0.03636363636363636,0.9047619047619048,0.9310344827586207,1.5
0.3003461500192157,admoneo:VERB,,0.5,0.25,0.25,1.5,3.0,5.0
0.18497055625864767,adsum:VERB,,0.675,0.3125,0.0125,0.5555555555555556,1.0,2.0
0.38518702556790485,deligo:VERB,,0.4,0.4,0.2,1.5,2.5,3.0
0.2514362425941356,depereo:VERB,,0.5,0.42857142857142855,0.07142857142857142,0.14285714285714285,2.0,2.0
0.2690810467520588,insto:VERB,,0.5714285714285714,0.14285714285714285,0.2857142857142857,1.0,1.0,1.5
0.12962747281165152,produco:VERB,,0.5428571428571428,0.4530612244897959,0.004081632653061225,0.04132104454685104,0.9136363636363636,1.0
0.7912772265573574,speculor:VERB,,0.3333333333333333,0.3333333333333333,0.3333333333333333,1.0,1.0,2.0
