probability,verb,prev_layer,subj_freq,obj_freq,iobj_freq,subj_avdist,obj_avdist,iobj_avdist
0.22680077881231353,appareo:VERB,,0.8070866141732284,0.03543307086614173,0.15748031496062992,-2.087799043062201,-0.625,-0.5227272727272727
0.24128026017513537,appropinquo:VERB,,0.4857142857142857,0.2571428571428571,0.2571428571428571,-1.0588235294117647,0.5555555555555556,-1.0
0.12860271347486973,benedico:VERB,,0.25,0.3333333333333333,0.4166666666666667,-1.25,-0.5,-0.6
0.25958034847505834,erubesco:VERB,,0.5454545454545454,0.18181818181818182,0.2727272727272727,-4.0,2.0,-3.0
0.5715606590061778,fio:VERB,,0.5889570552147239,0.018404907975460124,0.39263803680981596,-1.5368421052631578,-1.5,-0.10634648370497428
0.890326026731683,insidior:VERB,,0.5,0.0,0.5,-5.0,0.0,-2.0
0.15310614521571173,pateo:VERB,,0.8559322033898304,0.019774011299435026,0.12429378531073447,-3.1081528421450866,-1.4166666666666665,-2.227272727272727
0.14338525304624275,relinquo:VERB,,0.48920863309352514,0.3381294964028777,0.1726618705035971,-1.7925389157273217,1.2391304347826086,-0.24285714285714285
0.13298503447212032,remaneo:VERB,,0.8608695652173913,0.02608695652173913,0.11304347826086956,-2.7180851063829787,-2.0,-1.4615384615384615
