probability,verb,prev_layer,subj_freq,obj_freq,iobj_freq,subj_avdist,obj_avdist,iobj_avdist
0.2989037346722617,desum:VERB,,0.5057471264367817,0.40229885057471265,0.09195402298850575,1.0,2.142857142857143,2.0
0.7912772265573574,lacesso:VERB,,0.3333333333333333,0.3333333333333333,0.3333333333333333,1.0,2.0,1.0
0.7912772265573574,praeficio:VERB,,0.3333333333333333,0.3333333333333333,0.3333333333333333,3.0,18.0,15.0
0.4601311187185013,praesento:VERB,,0.2857142857142857,0.42857142857142855,0.2857142857142857,0.5,3.6666666666666665,0.5
0.24805940936776016,pronuntio:VERB,,0.25,0.625,0.125,4.0,10.0,4.0
0.3003461500192157,subduco:VERB,,0.25,0.5,0.25,2.0,8.0,3.0
0.3003461500192157,usurpo:VERB,,0.25,0.5,0.25,1.0,5.0,1.0
