probability,verb,prev_layer,subj_freq,obj_freq,iobj_freq,subj_avdist,obj_avdist,iobj_avdist
0.4581609210220975,benedico:VERB,,0.25,0.3333333333333333,0.4166666666666667,-1.25,-0.5,-0.6
0.2743593181042026,circumdo:VERB,,0.19047619047619047,0.5238095238095238,0.2857142857142857,-1.0,-0.5454545454545454,-0.8333333333333334
0.4904929147219681,confiteor:VERB,,0.33333333333333337,0.40740740740740744,0.25925925925925924,-1.6470588235294117,-0.2238095238095238,-1.1111111111111112
