probability,verb,prev_layer,subj_freq,obj_freq,iobj_freq,subj_avdist,obj_avdist,iobj_avdist
0.32276523762693965,appropinquo:VERB,,0.4857142857142857,0.2571428571428571,0.2571428571428571,-1.0588235294117647,0.5555555555555556,-1.0
0.2596141220161335,erubesco:VERB,,0.5454545454545454,0.18181818181818182,0.2727272727272727,-4.0,2.0,-3.0
0.30938026056921153,relinquo:VERB,,0.48920863309352514,0.3381294964028777,0.1726618705035971,-1.7925389157273217,1.2391304347826086,-0.24285714285714285
