probability,verb,prev_layer,subj_freq,obj_freq,iobj_freq,subj_avdist,obj_avdist,iobj_avdist
0.29965774119739985,expedio:VERB,,0.2272727272727273,0.5,0.2727272727272727,-1.125,-1.7222222222222223,-0.09999999999999998
