probability,verb,prev_layer,subj_freq,obj_freq,iobj_freq,subj_avdist,obj_avdist,iobj_avdist
0.29810842893331435,comminor:VERB,,0.3181818181818182,0.18181818181818182,0.5,-0.2857142857142857,-2.0,-0.45454545454545453
0.3003461500192157,contestor:VERB,,0.25,0.5,0.25,-1.0,-3.0,-3.0
0.44054159132969656,dico:VERB,,0.4348628691983122,0.28850210970464135,0.2766350210970464,-0.4379570992984923,-2.3819823090144014,-0.8699840947772897
0.5563460187478474,manifesto:VERB,,0.38636363636363635,0.3409090909090909,0.2727272727272727,-0.09999999999999998,-2.0714285714285716,-0.8333333333333334
0.24981986819937546,probo:VERB,,0.5631067961165048,0.36893203883495146,0.06796116504854369,-0.2703703703703704,-2.42436974789916,-2.3333333333333335
0.46779044518238355,recordor:VERB,,0.2631578947368421,0.42105263157894735,0.3157894736842105,-2.2,-5.5,-2.5
0.15015062624795705,sufficio:VERB,,0.7156862745098039,0.1764705882352941,0.10784313725490197,-0.09635416666666674,-1.0833333333333333,-0.55
