probability,verb,prev_layer,subj_freq,obj_freq,iobj_freq,subj_avdist,obj_avdist,iobj_avdist
0.890326026731683,ausculto:VERB,,0.5,0.0,0.5,-1.0,0.0,1.0
0.12270062199999662,fugio:VERB,,0.7073170731707318,0.2682926829268293,0.024390243902439025,-1.125,-0.2727272727272727,4.0
0.24351918078886964,intersum:VERB,,0.6666666666666666,0.2,0.13333333333333333,0.0,-4.25,3.0
0.12846690947268397,libet:VERB,,0.5,0.3333333333333333,0.16666666666666666,-1.3333333333333333,10.0,1.0
0.10076579433935474,miror:VERB,,0.71875,0.28125,0.0,-1.6363636363636362,0.675,0.0
0.26792845401585974,prosum:VERB,,0.4827586206896552,0.2413793103448276,0.27586206896551724,-0.34615384615384615,0.8571428571428571,0.875
0.36759362843355664,remitto:VERB,,0.4074074074074074,0.18518518518518517,0.4074074074074074,-0.45,-1.4,0.8181818181818182
0.33640171626718335,resto:VERB,,0.72,0.02,0.26,-1.9704433497536944,-3.0,0.4166666666666667
0.890326026731683,submoveo:VERB,,0.5,0.0,0.5,-1.0,0.0,2.0
