probability,verb,prev_layer,subj_freq,obj_freq,iobj_freq,subj_avdist,obj_avdist,iobj_avdist
0.12707918327503803,derideo:VERB,,0.25,0.75,0.0,-2.0,-0.3333333333333333,0.0
0.20291790114275804,fugio:VERB,,0.7073170731707318,0.2682926829268293,0.024390243902439025,-1.125,-0.2727272727272727,4.0
0.16947851039752088,praetereo:VERB,,0.631578947368421,0.3684210526315789,0.0,-1.8666666666666665,-0.2857142857142857,0.0
0.29978616302837774,refero:VERB,,0.5432098765432098,0.3333333333333333,0.12345679012345678,-1.411038961038961,-0.9166666666666666,1.3125
0.37429841431636807,sapio:VERB,,0.38461538461538464,0.46153846153846156,0.15384615384615385,-0.75,-0.3333333333333333,1.5
0.7912772265573574,struo:VERB,,0.3333333333333333,0.3333333333333333,0.3333333333333333,-4.0,-1.0,12.0
0.17335471510636075,vello:VERB,,0.3333333333333333,0.6666666666666666,0.0,-1.0,-1.0,0.0
0.12707918327503803,velo:VERB,,0.25,0.75,0.0,-1.0,-1.0,0.0
