probability,verb,prev_layer,subj_freq,obj_freq,iobj_freq,subj_avdist,obj_avdist,iobj_avdist
0.3003461500192157,erudio:VERB,,0.25,0.5,0.25,-2.0,-1.0,-4.0
0.7912772265573574,sisto:VERB,,0.3333333333333333,0.3333333333333333,0.3333333333333333,-1.0,-1.0,-2.0
0.12643886172459523,sortior:VERB,,0.46,0.53,0.01,-1.8,-1.4711538461538463,-5.0
0.1864159469475463,supervenio:VERB,,0.6842105263157895,0.15789473684210525,0.15789473684210525,-1.6153846153846154,-0.3333333333333333,-2.6666666666666665
