probability,verb,prev_layer,subj_freq,obj_freq,iobj_freq,subj_avdist,obj_avdist,iobj_avdist
0.9624989984449874,伴随:VERB,,0.0,0.0,1.0,0.0,0.0,-2.0
0.9624989984449874,學:VERB,,0.0,0.0,1.0,0.0,0.0,-1.0
0.9624989984449874,宣布:VERB,,0.0,0.0,1.0,0.0,0.0,-1.0
0.35806062347240564,用作:VERB,,0.3333333333333333,0.0,0.6666666666666666,2.0,0.0,-1.0
0.9624989984449874,避免:VERB,,0.0,0.0,1.0,0.0,0.0,-1.0
