probability,verb,prev_layer,subj_freq,obj_freq,iobj_freq,subj_avdist,obj_avdist,iobj_avdist
0.2273519680506753,带:VERB,,0.16666666666666666,0.6666666666666666,0.16666666666666666,1.0,-3.5,-4.0
0.20481700627428312,让:VERB,,0.2857142857142857,0.35714285714285715,0.35714285714285715,2.25,-1.0,-3.2
0.12846690947268397,遇:VERB,,0.3333333333333333,0.5,0.16666666666666666,3.0,-4.0,-6.0
