probability,verb,prev_layer,subj_freq,obj_freq,iobj_freq,subj_avdist,obj_avdist,iobj_avdist
0.890326026731683,上陣:VERB,,0.5,0.0,0.5,23.0,0.0,12.0
0.24116342193906073,妨礙:VERB,,0.25,0.25,0.5,2.0,-1.0,1.5
0.37500801192317984,經過:VERB,,0.4,0.2,0.4,4.5,-4.0,1.5
0.890326026731683,袖手旁觀:VERB,,0.5,0.0,0.5,13.0,0.0,11.0
0.18028772486932285,選擇:VERB,,0.4,0.3,0.3,2.75,-3.3333333333333335,2.0
0.890326026731683,集聚:VERB,,0.5,0.0,0.5,13.0,0.0,10.0
