probability,verb,prev_layer,subj_freq,obj_freq,iobj_freq,subj_avdist,obj_avdist,iobj_avdist
0.16698271118617308,分:VERB,,0.38461538461538464,0.6153846153846154,0.0,2.8,2.142857142857143,0.0
0.7912772265573574,即位:VERB,,0.3333333333333333,0.3333333333333333,0.3333333333333333,14.0,5.0,2.0
0.16289055135470495,吸收:VERB,,0.4,0.6000000000000001,0.0,6.0,1.5,0.0
0.16289055135470495,威脅:VERB,,0.4,0.6000000000000001,0.0,10.0,0.5,0.0
0.17335471510636075,尋找:VERB,,0.3333333333333333,0.6666666666666666,0.0,3.0,2.0,0.0
0.16289055135470495,承受:VERB,,0.4,0.6000000000000001,0.0,17.0,5.5,0.0
0.17335471510636075,挽回:VERB,,0.3333333333333333,0.6666666666666666,0.0,14.0,10.0,0.0
0.14809471266739757,滿足:VERB,,0.42857142857142855,0.5714285714285714,0.0,8.666666666666666,1.0,0.0
0.12707918327503803,發生:VERB,,0.25,0.75,0.0,2.0,0.25,0.0
