probability,verb,prev_layer,subj_freq,obj_freq,iobj_freq,subj_avdist,obj_avdist,iobj_avdist
0.3808536451112582,繼續:VERB,,0.3333333333333333,0.2222222222222222,0.4444444444444444,2.6666666666666665,6.5,-1.0
