probability,verb,prev_layer,subj_freq,obj_freq,iobj_freq,subj_avdist,obj_avdist,iobj_avdist
0.49682292404860556,交給:VERB,,0.25,0.375,0.375,8.5,1.3333333333333333,-3.0
0.7912772265573574,割予:VERB,,0.3333333333333333,0.3333333333333333,0.3333333333333333,6.0,1.0,-1.0
0.1733547151063608,期待:VERB,,0.6666666666666666,0.0,0.3333333333333333,2.0,0.0,-2.0
0.1733547151063608,用作:VERB,,0.3333333333333333,0.0,0.6666666666666666,2.0,0.0,-1.0
0.7912772265573574,訴諸:VERB,,0.3333333333333333,0.3333333333333333,0.3333333333333333,6.0,1.0,-2.0
