probability,verb,prev_layer,subj_freq,obj_freq,iobj_freq,subj_avdist,obj_avdist,iobj_avdist
0.2514362425941356,使:VERB,,0.4285714285714286,0.5,0.07142857142857142,5.4,-1.3333333333333335,-2.0
0.150073434077897,去:VERB,,0.48148148148148145,0.48148148148148145,0.037037037037037035,2.769230769230769,-1.5384615384615385,-3.0
0.26816429434120514,吃:VERB,,0.38461538461538464,0.5384615384615384,0.07692307692307693,3.6,-2.857142857142857,-7.0
0.2055155762605772,带:VERB,,0.16666666666666666,0.6666666666666666,0.16666666666666666,1.0,-3.5,-4.0
0.7912772265573574,教:VERB,,0.3333333333333333,0.3333333333333333,0.3333333333333333,3.0,-1.0,-2.0
0.6243619905372736,让:VERB,,0.2857142857142857,0.35714285714285715,0.35714285714285715,2.25,-1.0,-3.2
0.7912772265573574,请:VERB,,0.3333333333333333,0.3333333333333333,0.3333333333333333,2.0,-1.0,-2.0
0.3225730609388729,遇:VERB,,0.3333333333333333,0.5,0.16666666666666666,3.0,-4.0,-6.0
