probability,verb,prev_layer,subj_freq,obj_freq,iobj_freq,subj_avdist,obj_avdist,iobj_avdist
0.3141825567024859,交給:VERB,,0.25,0.375,0.375,8.5,1.3333333333333333,-3.0
0.890326026731683,伸出:VERB,,0.0,0.5,0.5,0.0,1.0,-1.0
0.4081187240344978,停止:VERB,,0.0,0.6666666666666666,0.3333333333333333,0.0,1.0,-1.0
0.890326026731683,滴下:VERB,,0.0,0.5,0.5,0.0,1.0,-1.0
0.890326026731683,畫上:VERB,,0.0,0.5,0.5,0.0,4.0,-1.0
0.13619789181324973,繼續:VERB,,0.3333333333333333,0.2222222222222222,0.4444444444444444,2.6666666666666665,6.5,-1.0
0.890326026731683,藏在:VERB,,0.0,0.5,0.5,0.0,1.0,-2.0
0.890326026731683,試圖:VERB,,0.0,0.5,0.5,0.0,7.0,-1.0
0.4081187240344978,趨向:VERB,,0.0,0.6666666666666666,0.3333333333333333,0.0,2.5,-2.0
