probability,verb,prev_layer,subj_freq,obj_freq,iobj_freq,subj_avdist,obj_avdist,iobj_avdist
0.2828790485182306,得到:VERB,,0.36363636363636365,0.5454545454545454,0.09090909090909091,7.25,3.5,7.0
0.7912772265573574,轉:VERB,,0.3333333333333333,0.3333333333333333,0.3333333333333333,16.0,1.0,13.0
0.2523054054114255,進行:VERB,,0.3,0.6,0.1,7.625,4.866666666666667,7.0
