probability,verb,prev_layer,subj_freq,obj_freq,iobj_freq,subj_avdist,obj_avdist,iobj_avdist
0.3003461500192157,加:VERB,,0.5,0.25,0.25,3.5,-4.0,-2.0
0.4601311187185013,开始:VERB,,0.42857142857142855,0.2857142857142857,0.2857142857142857,4.0,-5.0,-5.0
0.30645640908711264,是:VERB,,0.42857142857142855,0.09523809523809523,0.47619047619047616,5.666666666666667,-13.0,-1.4
0.36698343028999,用:VERB,,0.42857142857142855,0.19047619047619047,0.38095238095238093,3.2142857142857144,-7.0,-2.375
0.7912772265573574,確定:VERB,,0.3333333333333333,0.3333333333333333,0.3333333333333333,9.0,-7.0,-1.0
0.7912772265573574,等:VERB,,0.3333333333333333,0.3333333333333333,0.3333333333333333,2.0,-5.0,-1.0
0.38518702556790485,給予:VERB,,0.4,0.4,0.2,5.0,-2.5,-1.0
