probability,verb,prev_layer,subj_freq,obj_freq,iobj_freq,subj_avdist,obj_avdist,iobj_avdist
0.1733547151063608,停止:VERB,,0.0,0.6666666666666666,0.3333333333333333,0.0,1.0,-1.0
0.1733547151063608,趨向:VERB,,0.0,0.6666666666666666,0.3333333333333333,0.0,2.5,-2.0
