probability,verb,prev_layer,subj_freq,obj_freq,iobj_freq,subj_avdist,obj_avdist,iobj_avdist
0.17335471510636075,切換:VERB,,0.3333333333333333,0.6666666666666666,0.0,8.0,8.5,0.0
0.17335471510636075,廢除:VERB,,0.3333333333333333,0.6666666666666666,0.0,2.0,2.0,0.0
0.16862050621825578,產生:VERB,,0.375,0.625,0.0,3.75,3.8125,0.0
0.17335471510636075,進:VERB,,0.3333333333333333,0.6666666666666666,0.0,3.0,5.0,0.0
