probability,verb,prev_layer,subj_freq,obj_freq,iobj_freq,subj_avdist,obj_avdist,iobj_avdist
0.8903260267316832,休克:VERB,,0.5,0.5,0.0,7.0,12.0,0.0
0.40811872403449767,切換:VERB,,0.3333333333333333,0.6666666666666666,0.0,8.0,8.5,0.0
0.8903260267316832,升高:VERB,,0.5,0.5,0.0,3.0,10.0,0.0
0.8903260267316832,嘔吐:VERB,,0.5,0.5,0.0,5.0,9.0,0.0
0.40811872403449767,廢除:VERB,,0.3333333333333333,0.6666666666666666,0.0,2.0,2.0,0.0
0.5069377044474382,產生:VERB,,0.375,0.625,0.0,3.75,3.8125,0.0
0.24116342193906073,要求:VERB,,0.25,0.5,0.25,3.0,4.5,8.0
0.8903260267316832,逃:VERB,,0.5,0.5,0.0,5.0,10.0,0.0
0.40811872403449767,進:VERB,,0.3333333333333333,0.6666666666666666,0.0,3.0,5.0,0.0
