probability,verb,prev_layer,subj_freq,obj_freq,iobj_freq,subj_avdist,obj_avdist,iobj_avdist
0.21891386641657615,forakte:VERB,,0.4,0.6,0.0,-1.0,0.6666666666666666,0.0
0.3580606234724055,skjere:VERB,,0.3333333333333333,0.6666666666666666,0.0,2.0,0.16666666666666666,0.0
0.3580606234724055,yte:VERB,,0.3333333333333333,0.6666666666666666,0.0,2.0,1.0,0.0
