probability,verb,prev_layer,subj_freq,obj_freq,iobj_freq,subj_avdist,obj_avdist,iobj_avdist
0.1255441306094409,forbinde:VERB,,0.5454545454545454,0.45454545454545453,0.0,1.2,0.0,0.0
0.14809471266739757,jakte:VERB,,0.5714285714285714,0.42857142857142855,0.0,1.3333333333333333,0.0,0.0
0.1764267514575923,overføre:VERB,,0.6842105263157894,0.3157894736842105,0.0,3.238095238095238,0.0,0.0
0.12707918327503803,vandre:VERB,,0.75,0.25,0.0,1.8333333333333333,0.0,0.0
