probability,verb,prev_layer,subj_freq,obj_freq,iobj_freq,subj_avdist,obj_avdist,iobj_avdist
0.34346060500117315,koste:VERB,,0.46616541353383456,0.42105263157894735,0.11278195488721804,-1.1362683438155134,-2.4642857142857144,-0.8
0.12535901250450704,seie:VERB,,0.7430865298840321,0.215878679750223,0.041034790365744866,-2.1389891696750905,-3.359486057955167,-0.6444444444444446
0.2528890103981491,smake:VERB,,0.5833333333333334,0.25,0.16666666666666666,-1.5833333333333335,-1.6666666666666667,-1.5
0.17395404769899475,spille:VERB,,0.6190476190476192,0.375,0.005952380952380952,-1.2616747181964572,-2.111111111111111,-1.0
