probability,verb,prev_layer,subj_freq,obj_freq,iobj_freq,subj_avdist,obj_avdist,iobj_avdist
0.17335471510636075,avspeile:VERB,,0.6666666666666666,0.3333333333333333,0.0,0.0,8.0,0.0
0.16289055135470498,forakte:VERB,,0.4,0.6,0.0,-1.0,0.6666666666666666,0.0
