probability,verb,prev_layer,subj_freq,obj_freq,iobj_freq,subj_avdist,obj_avdist,iobj_avdist
0.10227266399481395,arrangere:VERB,,0.5238095238095237,0.47619047619047616,0.0,-4.15,-3.3,0.0
0.17335471510636075,gnage:VERB,,0.6666666666666666,0.3333333333333333,0.0,-2.5,-1.0,0.0
0.18522117525734041,høve:VERB,,0.7142857142857142,0.2857142857142857,0.0,-3.9166666666666665,-1.0,0.0
0.17335471510636075,lovprise:VERB,,0.6666666666666666,0.3333333333333333,0.0,-2.0,-1.0,0.0
0.10928977442595265,miste:VERB,,0.48765432098765427,0.49382716049382713,0.018518518518518517,-1.5769230769230769,-1.5125,2.6666666666666665
0.1593175886069643,påvirke:VERB,,0.5909090909090909,0.4090909090909091,0.0,-1.4126984126984123,-1.2777777777777777,0.0
0.16289055135470498,spørjast:VERB,,0.4,0.6,0.0,-6.5,-4.0,0.0
0.14124970639523723,undre:VERB,,0.5625,0.4375,0.0,-3.2142857142857144,-1.2857142857142858,0.0
