probability,verb,prev_layer,subj_freq,obj_freq,iobj_freq,subj_avdist,obj_avdist,iobj_avdist
0.3225730609388729,avtale:VERB,,0.5,0.16666666666666666,0.3333333333333333,1.6666666666666667,3.0,-2.0
0.19015386397355333,pleie:VERB,,0.47368421052631576,0.05263157894736842,0.47368421052631576,0.6666666666666666,2.0,-2.888888888888889
0.2447194915672523,portrettere:VERB,,0.6000000000000001,0.2,0.2,3.0,3.0,-3.0
