probability,verb,prev_layer,subj_freq,obj_freq,iobj_freq,subj_avdist,obj_avdist,iobj_avdist
0.23084617938075616,halde:VERB,,0.6135265700483092,0.31884057971014496,0.06763285024154589,-1.0634920634920635,-2.746153846153846,-2.7857142857142856
0.21491146203300523,høre:VERB,,0.6060606060606061,0.3484848484848485,0.045454545454545456,-1.8991228070175439,-2.5686274509803924,-3.9
0.19055895163521552,høyre:VERB,,0.6973684210526315,0.2894736842105263,0.013157894736842105,-1.5882352941176472,-1.8660714285714286,-5.0
0.19392430856399187,nytte:VERB,,0.5591397849462365,0.40860215053763443,0.03225806451612903,-0.04432624113475173,-2.3421052631578947,-4.0
0.3636774534858409,oppføre:VERB,,0.41666666666666663,0.4583333333333333,0.125,-0.375,-1.0909090909090908,-5.0
0.1897247096327853,samle:VERB,,0.580246913580247,0.3950617283950617,0.024691358024691357,-0.0536585365853659,-2.03125,-3.0
0.7912772265573574,skynde:VERB,,0.3333333333333333,0.3333333333333333,0.3333333333333333,-1.0,-1.5,-3.0
0.12707918327503803,steikje:VERB,,0.0,0.75,0.25,0.0,-1.0,-2.0
0.4601311187185013,stemple:VERB,,0.2857142857142857,0.2857142857142857,0.42857142857142855,0.0,-2.0,-3.3333333333333335
