probability,verb,prev_layer,subj_freq,obj_freq,iobj_freq,subj_avdist,obj_avdist,iobj_avdist
0.11725143207248927,bli:VERB,,0.4650549450549451,0.004835164835164835,0.5301098901098901,-1.6689645057201528,1.9090909090909092,-2.001658374792703
0.13915035323041458,føles:VERB,,0.44,0.0,0.56,-2.4375,0.0,-2.5714285714285716
0.38518702556790485,hefte:VERB,,0.4,0.4,0.2,0.0,0.5,-2.0
0.12671079971402366,verte:VERB,,0.47150259067357514,0.022452504317789293,0.5060449050086355,-0.9024703557312252,0.9444444444444444,-1.9829351535836177
0.15019737422946092,virke:VERB,,0.5181818181818182,0.02727272727272727,0.45454545454545453,-2.0212264150943398,1.25,-3.18
