probability,verb,prev_layer,subj_freq,obj_freq,iobj_freq,subj_avdist,obj_avdist,iobj_avdist
0.40811872403449767,avspeile:VERB,,0.6666666666666666,0.3333333333333333,0.0,0.0,8.0,0.0
0.590078294262375,forakte:VERB,,0.4,0.6,0.0,-1.0,0.6666666666666666,0.0
0.37500801192317984,hefte:VERB,,0.4,0.4,0.2,0.0,0.5,-2.0
0.8903260267316832,lindre:VERB,,0.5,0.5,0.0,-1.0,5.0,0.0
0.8903260267316832,smaksetje:VERB,,0.5,0.5,0.0,-1.0,1.0,0.0
0.8903260267316832,tulle:VERB,,0.5,0.5,0.0,-1.0,2.0,0.0
