probability,verb,prev_layer,subj_freq,obj_freq,iobj_freq,subj_avdist,obj_avdist,iobj_avdist
0.13898533384906345,minne:VERB,,0.723404255319149,0.2553191489361702,0.02127659574468085,2.3823529411764706,-1.25,4.0
0.20199531128381973,rope:VERB,,0.7037037037037037,0.2222222222222222,0.07407407407407407,0.15789473684210525,-13.1,1.0
0.12846690947268397,skreddersy:VERB,,0.5,0.3333333333333333,0.16666666666666666,4.0,-1.0,6.0
0.11611792299821147,trykke:VERB,,0.7333333333333334,0.2,0.06666666666666667,1.8928571428571428,-3.3333333333333335,2.0
