probability,verb,prev_layer,subj_freq,obj_freq,iobj_freq,subj_avdist,obj_avdist,iobj_avdist
0.5562729585299588,hete:VERB,,0.5087719298245614,0.08771929824561403,0.40350877192982454,-3.0892857142857144,-0.75,-0.6956521739130435
0.2097888548501232,smake:VERB,,0.5833333333333334,0.25,0.16666666666666666,-1.5833333333333335,-1.6666666666666667,-1.5
0.17468086532584698,synes:VERB,,0.4908424908424908,0.304029304029304,0.20512820512820512,-2.9774436090225564,-2.2169669669669667,-0.8999999999999999
