probability,verb,prev_layer,subj_freq,obj_freq,iobj_freq,subj_avdist,obj_avdist,iobj_avdist
0.9624989984449874,Gjensynsgledener:VERB,,0.0,0.0,1.0,0.0,0.0,-1.0
0.35806062347240564,begjære:VERB,,0.3333333333333333,0.0,0.6666666666666666,1.0,0.0,-1.5
0.10393197413112293,behøve:VERB,,0.4,0.1,0.5,1.8333333333333335,-3.0,-2.6
0.9624989984449874,estimere:VERB,,0.0,0.0,1.0,0.0,0.0,-7.0
0.35806062347240564,evne:VERB,,0.3333333333333333,0.0,0.6666666666666666,4.0,0.0,-2.0
0.10548778401930145,føles:VERB,,0.44,0.0,0.56,-2.4375,0.0,-2.5714285714285716
0.31120366717871656,la:VERB,,0.25501432664756446,0.014326647564469915,0.7306590257879657,-1.0174418604651163,-0.2,-1.9524220387033158
0.3166434589219016,late:VERB,,0.35294117647058826,0.014705882352941176,0.6323529411764706,1.6666666666666667,-3.0,-1.9155844155844157
0.17815386142047748,motsette:VERB,,0.3333333333333333,0.16666666666666666,0.5,3.0,-3.0,-3.0
