probability,verb,prev_layer,subj_freq,obj_freq,iobj_freq,subj_avdist,obj_avdist,iobj_avdist
0.10962846749961672,opplyse:VERB,,0.7261904761904762,0.2738095238095238,0.0,-0.04918032786885246,-4.55,0.0
0.890326026731683,vete:VERB,,0.5,0.0,0.5,-2.0,0.0,8.0
