probability,verb,prev_layer,subj_freq,obj_freq,iobj_freq,subj_avdist,obj_avdist,iobj_avdist
0.30945632962983544,heite:VERB,,0.45161290322580644,0.0967741935483871,0.45161290322580644,-2.7777777777777777,-0.3333333333333333,-3.6785714285714284
0.20412843244652304,la:VERB,,0.25501432664756446,0.014326647564469915,0.7306590257879657,-1.0174418604651163,-0.2,-1.9524220387033158
0.15260668578218528,likne:VERB,,0.7142857142857142,0.19047619047619047,0.09523809523809523,-2.0,-1.5,-3.5
