probability,verb,prev_layer,subj_freq,obj_freq,iobj_freq,subj_avdist,obj_avdist,iobj_avdist
0.20595402894863316,fremsette:VERB,,0.14285714285714285,0.7142857142857143,0.14285714285714285,6.0,-1.6,-2.0
0.24116342193906073,kjede:VERB,,0.25,0.5,0.25,2.0,-1.0,-3.0
0.1375084509251987,la:VERB,,0.25501432664756446,0.014326647564469915,0.7306590257879657,-1.0174418604651163,-0.2,-1.9524220387033158
0.890326026731683,lasse:VERB,,0.0,0.5,0.5,0.0,-3.0,-4.0
0.3713844118498105,steikje:VERB,,0.0,0.75,0.25,0.0,-1.0,-2.0
0.21604383121528978,stemple:VERB,,0.2857142857142857,0.2857142857142857,0.42857142857142855,0.0,-2.0,-3.3333333333333335
0.890326026731683,tilbe:VERB,,0.0,0.5,0.5,0.0,-1.0,-4.0
0.890326026731683,titulere:VERB,,0.0,0.5,0.5,0.0,-1.0,-3.0
