probability,verb,prev_layer,subj_freq,obj_freq,iobj_freq,subj_avdist,obj_avdist,iobj_avdist
0.17110133553776485,burde:VERB,,0.6470588235294118,0.35294117647058826,0.0,0.18181818181818182,0.3333333333333333,0.0
0.17335471510636075,medvirke:VERB,,0.6666666666666666,0.3333333333333333,0.0,1.5,2.0,0.0
0.17335471510636075,streife:VERB,,0.6666666666666666,0.3333333333333333,0.0,3.0,4.0,0.0
