probability,verb,prev_layer,subj_freq,obj_freq,iobj_freq,subj_avdist,obj_avdist,iobj_avdist
0.1733547151063608,أَبَاع:VERB,,0.6666666666666666,0.0,0.3333333333333333,2.0,0.0,-4.0
0.135233545989651,أَقبَل:VERB,,0.5555555555555556,0.0,0.4444444444444444,3.875,0.0,-3.5
0.1733547151063608,رَثَى:VERB,,0.3333333333333333,0.0,0.6666666666666666,2.0,0.0,-4.0
0.1255441306094409,كَاد:VERB,,0.45454545454545453,0.0,0.5454545454545454,2.4,0.0,-2.6666666666666665
