probability,verb,prev_layer,subj_freq,obj_freq,iobj_freq,subj_avdist,obj_avdist,iobj_avdist
0.17212736613529417,أَنتَج:VERB,,0.4375,0.53125,0.03125,-1.3461538461538463,-1.9411764705882353,-1.0
0.3438297807992922,سَمِع:VERB,,0.36363636363636365,0.45454545454545453,0.18181818181818182,-1.5,-2.2,-1.5
0.2084346359091233,وَلِي:VERB,,0.4444444444444444,0.5,0.05555555555555555,-2.5,-15.5,-1.0
