probability,verb,prev_layer,subj_freq,obj_freq,iobj_freq,subj_avdist,obj_avdist,iobj_avdist
0.32792559601950316,أَولَى:VERB,,0.3529411764705882,0.47058823529411764,0.1764705882352941,-2.0,-1.375,-3.5
0.38518702556790485,تَبِع:VERB,,0.4,0.4,0.2,-1.0,-1.0,-19.0
0.38518702556790485,عَقَب:VERB,,0.4,0.2,0.4,-2.0,-1.0,-3.5
