probability,verb,prev_layer,subj_freq,obj_freq,iobj_freq,subj_avdist,obj_avdist,iobj_avdist
0.12679472368888556,أَولَى:VERB,,0.3529411764705882,0.47058823529411764,0.1764705882352941,-2.0,-1.375,-3.5
0.22573885438588198,خَصّ:VERB,,0.07692307692307693,0.7692307692307693,0.15384615384615385,1.0,-1.0,-1.5
0.24116342193906073,رَجَا:VERB,,0.25,0.5,0.25,1.0,-1.5,-7.0
0.890326026731683,صَارَع:VERB,,0.0,0.5,0.5,0.0,-3.0,-9.0
