probability,verb,prev_layer,subj_freq,obj_freq,iobj_freq,subj_avdist,obj_avdist,iobj_avdist
0.15169192423692865,أَرَاد:VERB,,0.4339622641509434,0.5566037735849056,0.009433962264150943,-2.111111111111111,-1.8687943262411348,-1.0
