probability,verb,prev_layer,subj_freq,obj_freq,iobj_freq,subj_avdist,obj_avdist,iobj_avdist
0.9624989984449874,اِنكَفَأ:VERB,,0.0,0.0,1.0,0.0,0.0,-6.0
0.9624989984449874,جَفّ:VERB,,0.0,0.0,1.0,0.0,0.0,-2.0
0.35806062347240564,رَثَى:VERB,,0.3333333333333333,0.0,0.6666666666666666,2.0,0.0,-4.0
0.9624989984449874,غَرِد:VERB,,0.0,0.0,1.0,0.0,0.0,-4.0
0.9624989984449874,نَفَث:VERB,,0.0,0.0,1.0,0.0,0.0,-4.0
0.21891386641657634,وَدَع:VERB,,0.0,0.39999999999999997,0.6,0.0,-1.6,-1.5
