probability,verb,prev_layer,subj_freq,obj_freq,iobj_freq,subj_avdist,obj_avdist,iobj_avdist
0.22052723730024992,أَخَذ:VERB,,0.35000000000000003,0.6,0.05,-0.9230769230769231,-2.1666666666666665,-2.0
0.17212736613529417,أَضَاف:VERB,,0.53125,0.4375,0.03125,-0.9658119658119658,-13.222222222222221,-1.0
0.26816429434120503,أَظهَر:VERB,,0.38461538461538464,0.5384615384615385,0.07692307692307693,0.0,-8.7,-3.0
0.15396809582818435,زَال:VERB,,0.49056603773584906,0.03773584905660377,0.4716981132075472,-0.6538461538461539,-6.0,-2.92
0.3438297807992922,سَأَل:VERB,,0.36363636363636365,0.4545454545454546,0.18181818181818182,-0.16666666666666674,-2.375,-2.0
0.23477292368073302,وَجَد:VERB,,0.6491228070175439,0.26315789473684215,0.08771929824561403,-0.10629514963880293,-2.1206896551724137,-1.5
0.16289055135470504,وَدَع:VERB,,0.0,0.39999999999999997,0.6,0.0,-1.6,-1.5
0.2690810467520588,وَصَف:VERB,,0.2857142857142857,0.5714285714285714,0.14285714285714285,0.0,-6.333333333333333,-2.0
