probability,verb,prev_layer,subj_freq,obj_freq,iobj_freq,subj_avdist,obj_avdist,iobj_avdist
0.10709693148184862,كَان:VERB,,0.6904761904761905,0.027777777777777776,0.28174603174603174,-0.13218390804597702,4.285714285714286,-2.0985915492957745
