probability,verb,prev_layer,subj_freq,obj_freq,iobj_freq,subj_avdist,obj_avdist,iobj_avdist
0.11453623008329711,ذَكَر:VERB,,0.7301587301587302,0.2698412698412698,0.0,0.17929292929292906,-6.635714285714285,0.0
0.10222319501099174,قَضَى:VERB,,0.72,0.27999999999999997,0.0,0.9444444444444444,-3.3333333333333335,0.0
