probability,verb,prev_layer,subj_freq,obj_freq,iobj_freq,subj_avdist,obj_avdist,iobj_avdist
0.12707918327503803,عَمَد:VERB,,0.75,0.0,0.25,-0.6666666666666666,0.0,-12.0
0.2005049511611705,كَان:VERB,,0.6904761904761905,0.027777777777777776,0.28174603174603174,-0.13218390804597702,4.285714285714286,-2.0985915492957745
