probability,verb,prev_layer,subj_freq,obj_freq,iobj_freq,subj_avdist,obj_avdist,iobj_avdist
0.14190382040108485,عَاد:VERB,,0.8108108108108107,0.08108108108108109,0.10810810810810811,-3.7413793103448274,-1.0,-1.25
