probability,verb,prev_layer,subj_freq,obj_freq,iobj_freq,subj_avdist,obj_avdist,iobj_avdist
0.49682292404860556,erfreuen:VERB,,0.25,0.375,0.375,-0.5,-1.0,-5.0
0.7912772265573574,laß:VERB,,0.3333333333333333,0.3333333333333333,0.3333333333333333,-1.0,-4.0,-7.0
0.7912772265573574,schleudern:VERB,,0.3333333333333333,0.3333333333333333,0.3333333333333333,-1.0,-4.0,-6.0
