probability,verb,prev_layer,subj_freq,obj_freq,iobj_freq,subj_avdist,obj_avdist,iobj_avdist
0.18313258125784956,fallen|fällen:VERB,,0.6875,0.125,0.1875,-0.2777777777777778,-10.5,-0.25
0.30044480847736676,scheinen:VERB,,0.4651162790697675,0.09302325581395349,0.4418604651162791,-4.972222222222222,-11.75,-2.4444444444444446
