probability,verb,prev_layer,subj_freq,obj_freq,iobj_freq,subj_avdist,obj_avdist,iobj_avdist
0.7912772265573574,Find:VERB,,0.3333333333333333,0.3333333333333333,0.3333333333333333,-1.0,-11.0,-2.0
0.7912772265573574,erhoffen:VERB,,0.3333333333333333,0.3333333333333333,0.3333333333333333,0.0,-5.0,-5.0
