probability,verb,prev_layer,subj_freq,obj_freq,iobj_freq,subj_avdist,obj_avdist,iobj_avdist
0.11095468521639291,dominieren:VERB,,0.7272727272727273,0.2727272727272727,0.0,-0.4285714285714286,0.3333333333333333,0.0
0.6671543421743957,fallen|gefallen:VERB,,0.5789473684210527,0.0,0.42105263157894735,-4.85,0.0,6.0
0.2831317372227464,fehlen:VERB,,0.7777777777777778,0.037037037037037035,0.18518518518518517,-0.09523809523809523,-4.0,2.6
0.3713844118498105,folgen:VERB,,0.75,0.0,0.25,-1.35,0.0,0.48148148148148145
0.3479606125376699,werden:VERB,,0.7352941176470589,0.0,0.2647058823529412,-2.260869565217391,0.0,3.166666666666667
