probability,verb,prev_layer,subj_freq,obj_freq,iobj_freq,subj_avdist,obj_avdist,iobj_avdist
0.7061213689781114,gefallen:VERB,,0.43478260869565216,0.043478260869565216,0.5217391304347826,0.0,1.0,-1.65
0.35606591543940824,gehört:VERB,,0.7142857142857143,0.0,0.2857142857142857,-0.4,0.0,-3.5
0.590078294262375,nähern:VERB,,0.4,0.0,0.6,-1.0,0.0,-8.0
0.890326026731683,obliegen:VERB,,0.5,0.0,0.5,0.0,0.0,-1.0
0.20595402894863316,schauen:VERB,,0.7142857142857143,0.14285714285714285,0.14285714285714285,-0.2,1.0,-2.0
0.890326026731683,stufen:VERB,,0.5,0.0,0.5,-1.0,0.0,-4.0
0.24116342193906073,verfärben:VERB,,0.25,0.25,0.5,-1.0,-1.0,-2.5
0.890326026731683,versäumen:VERB,,0.5,0.0,0.5,-2.0,0.0,-4.0
