probability,verb,prev_layer,subj_freq,obj_freq,iobj_freq,subj_avdist,obj_avdist,iobj_avdist
0.11346614424664032,anvertrauen:VERB,,0.36363636363636365,0.18181818181818182,0.45454545454545453,7.5,1.0,5.2
0.15529619786302393,entziehen:VERB,,0.3076923076923077,0.3076923076923077,0.38461538461538464,3.75,1.0,2.6
0.12846690947268397,mitbringen:VERB,,0.3333333333333333,0.5,0.16666666666666666,3.0,2.0,4.0
0.890326026731683,zulegen:VERB,,0.0,0.5,0.5,0.0,6.0,11.0
0.12846690947268397,zuziehen:VERB,,0.3333333333333333,0.5,0.16666666666666666,9.5,3.3333333333333335,5.0
