probability,verb,prev_layer,subj_freq,obj_freq,iobj_freq,subj_avdist,obj_avdist,iobj_avdist
0.2650691365385857,fallen|fällen:VERB,,0.6875,0.125,0.1875,-0.2777777777777778,-10.5,-0.25
0.17837213093565404,gehören:VERB,,0.8403755868544601,0.023474178403755867,0.13615023474178403,-7.236742424242424,-9.25,-2.3793103448275863
0.3713844118498105,gelangen|gelingen:VERB,,0.75,0.0,0.25,-1.3333333333333333,0.0,-1.0
0.8104260017770013,gelingen:VERB,,0.5196850393700787,0.015748031496062992,0.4645669291338583,-6.940257352941177,2.5,-5.81
0.1507892343104133,gelten:VERB,,0.875,0.0,0.125,-12.12962962962963,0.0,-5.75
0.5989633158728077,scheinen:VERB,,0.4651162790697675,0.09302325581395349,0.4418604651162791,-4.972222222222222,-11.75,-2.4444444444444446
