probability,verb,prev_layer,subj_freq,obj_freq,iobj_freq,subj_avdist,obj_avdist,iobj_avdist
0.15303137973720665,fallen|gefallen:VERB,,0.5789473684210527,0.0,0.42105263157894735,-4.85,0.0,6.0
0.12707918327503803,folgen:VERB,,0.75,0.0,0.25,-1.35,0.0,0.48148148148148145
0.2514362425941356,versichern:VERB,,0.42857142857142855,0.5,0.07142857142857142,-0.6666666666666666,0.14285714285714285,2.0
0.194100237485525,werden:VERB,,0.7352941176470589,0.0,0.2647058823529412,-2.260869565217391,0.0,3.166666666666667
