probability,verb,prev_layer,subj_freq,obj_freq,iobj_freq,subj_avdist,obj_avdist,iobj_avdist
0.1904677089117623,dominieren:VERB,,0.7272727272727273,0.2727272727272727,0.0,-0.4285714285714286,0.3333333333333333,0.0
0.12707918327503803,stechen:VERB,,0.75,0.25,0.0,-0.3333333333333333,1.0,0.0
0.14809471266739757,verhalten:VERB,,0.5714285714285714,0.42857142857142855,0.0,-2.25,0.3333333333333333,0.0
