probability,verb,prev_layer,subj_freq,obj_freq,iobj_freq,subj_avdist,obj_avdist,iobj_avdist
0.37500801192317984,braten:VERB,,0.2,0.4,0.4,9.0,4.5,3.5
0.24116342193906073,entgegenstellen:VERB,,0.25,0.5,0.25,28.0,12.5,2.0
0.12846690947268397,gestatten|statten:VERB,,0.3333333333333333,0.16666666666666666,0.5,11.0,10.0,8.0
