probability,verb,prev_layer,subj_freq,obj_freq,iobj_freq,subj_avdist,obj_avdist,iobj_avdist
0.24281618002244812,erlaubt:VERB,,0.2,0.2,0.6000000000000001,5.0,8.0,-4.5
0.24116342193906073,scheuen:VERB,,0.25,0.5,0.25,3.0,0.5,-12.0
0.20481700627428312,verdanken:VERB,,0.2857142857142857,0.35714285714285715,0.35714285714285715,-0.5,0.0,-2.0
0.2932345915413066,verschlagen:VERB,,0.2,0.5,0.3,3.5,0.666666666666667,-4.333333333333333
0.17878680752944381,vorwerfen:VERB,,0.3,0.2,0.5,8.333333333333334,2.5,-2.625
