probability,verb,prev_layer,subj_freq,obj_freq,iobj_freq,subj_avdist,obj_avdist,iobj_avdist
0.28684734689696045,eintragen:VERB,,0.5555555555555556,0.3333333333333333,0.1111111111111111,8.333333333333332,9.333333333333334,11.0
