probability,verb,prev_layer,subj_freq,obj_freq,iobj_freq,subj_avdist,obj_avdist,iobj_avdist
0.7912772265573574,verkneifen:VERB,,0.3333333333333333,0.3333333333333333,0.3333333333333333,23.0,31.0,24.0
0.7912772265573574,wischen:VERB,,0.3333333333333333,0.3333333333333333,0.3333333333333333,9.0,11.0,10.0
