probability,verb,prev_layer,subj_freq,obj_freq,iobj_freq,subj_avdist,obj_avdist,iobj_avdist
0.11630732128571002,lassen:VERB,,0.3247863247863248,0.301994301994302,0.37321937321937326,0.3018018018018018,-2.8857142857142857,-1.0901639344262297
0.890326026731683,rauben:VERB,,0.0,0.5,0.5,0.0,-2.0,-1.0
0.12632446940428213,wünschen:VERB,,0.3333333333333333,0.41025641025641024,0.2564102564102564,1.4615384615384615,-6.5,-1.0
