probability,verb,prev_layer,subj_freq,obj_freq,iobj_freq,subj_avdist,obj_avdist,iobj_avdist
0.17335471510636075,entschuldigen:VERB,,0.3333333333333333,0.6666666666666666,0.0,-3.0,-1.0,0.0
0.17335471510636075,erstehen:VERB,,0.3333333333333333,0.6666666666666666,0.0,-3.0,-1.0,0.0
0.17335471510636075,erörtern:VERB,,0.3333333333333333,0.6666666666666666,0.0,-3.0,-1.0,0.0
0.16289055135470498,füllen:VERB,,0.4,0.6,0.0,-2.0,-1.0,0.0
0.14809471266739757,meinen:VERB,,0.5714285714285714,0.42857142857142855,0.0,-1.2533333333333334,-0.618421052631579,0.0
0.1804487198555443,siedeln:VERB,,0.7,0.3,0.0,-4.0,-0.6666666666666666,0.0
0.12707918327503803,verabschieden:VERB,,0.75,0.25,0.0,-2.25,-1.0,0.0
0.7912772265573574,widersetzen:VERB,,0.3333333333333333,0.3333333333333333,0.3333333333333333,-2.0,-1.0,19.0
