probability,verb,prev_layer,subj_freq,obj_freq,iobj_freq,subj_avdist,obj_avdist,iobj_avdist
0.31426376365913994,fügen:VERB,,0.4,0.5,0.1,-1.5,4.25,-2.0
0.1926980448300889,gefallen:VERB,,0.43478260869565216,0.043478260869565216,0.5217391304347826,0.0,1.0,-1.65
0.18522117525734036,gehört:VERB,,0.7142857142857143,0.0,0.2857142857142857,-0.4,0.0,-3.5
0.16289055135470498,nähern:VERB,,0.4,0.0,0.6,-1.0,0.0,-8.0
0.15100505758148797,schauen:VERB,,0.7142857142857143,0.14285714285714285,0.14285714285714285,-0.2,1.0,-2.0
0.6243619905372736,verdanken:VERB,,0.2857142857142857,0.35714285714285715,0.35714285714285715,-0.5,0.0,-2.0
