probability,verb,prev_layer,subj_freq,obj_freq,iobj_freq,subj_avdist,obj_avdist,iobj_avdist
0.12707918327503803,gelangen|gelingen:VERB,,0.75,0.0,0.25,-1.3333333333333333,0.0,-1.0
0.1262728139661489,gelingen:VERB,,0.5196850393700787,0.015748031496062992,0.4645669291338583,-6.940257352941177,2.5,-5.81
