probability,verb,prev_layer,subj_freq,obj_freq,iobj_freq,subj_avdist,obj_avdist,iobj_avdist
0.11346614424664032,drängen:VERB,,0.36363636363636365,0.45454545454545453,0.18181818181818182,3.5,-2.4,-11.0
0.3141825567024859,erfreuen:VERB,,0.25,0.375,0.375,-0.5,-1.0,-5.0
0.24116342193906073,trauen:VERB,,0.25,0.5,0.25,-2.0,-1.0,-7.0
0.24116342193906073,verfärben:VERB,,0.25,0.25,0.5,-1.0,-1.0,-2.5
0.1320593468726048,widmen:VERB,,0.3142857142857143,0.3142857142857143,0.37142857142857144,2.4722222222222223,-1.4545454545454546,-1.8461538461538463
