probability,verb,prev_layer,subj_freq,obj_freq,iobj_freq,subj_avdist,obj_avdist,iobj_avdist
0.24116342193906073,adjuger:VERB,,0.25,0.5,0.25,2.0,-2.0,2.0
0.24116342193906073,ajuster:VERB,,0.25,0.5,0.25,2.0,-3.5,3.0
0.24116342193906073,aliéner:VERB,,0.25,0.5,0.25,2.0,-2.0,1.0
0.24281618002244817,arranger:VERB,,0.2,0.6,0.2,1.0,-2.6666666666666665,1.0
0.39538350413121914,fracturer:VERB,,0.16666666666666666,0.4166666666666667,0.4166666666666667,3.5,-2.0,2.6
0.21604383121528978,infliger:VERB,,0.2857142857142857,0.42857142857142855,0.2857142857142857,4.0,-2.6666666666666665,1.5
0.1594445649844149,persuader:VERB,,0.2857142857142857,0.5714285714285714,0.14285714285714285,2.0,-11.5,13.0
