probability,verb,prev_layer,subj_freq,obj_freq,iobj_freq,subj_avdist,obj_avdist,iobj_avdist
0.1804833534967332,ajouter:VERB,,0.627906976744186,0.36046511627906974,0.011627906976744186,0.8913043478260869,1.0166666666666666,1.0
