probability,verb,prev_layer,subj_freq,obj_freq,iobj_freq,subj_avdist,obj_avdist,iobj_avdist
0.38518702556790485,facturer:VERB,,0.4,0.4,0.2,4.0,1.0,5.0
0.1733547151063608,ré-inhumer:VERB,,0.6666666666666666,0.0,0.3333333333333333,3.5,0.0,5.0
0.7912772265573574,venger:VERB,,0.3333333333333333,0.3333333333333333,0.3333333333333333,2.0,1.0,3.0
