probability,verb,prev_layer,subj_freq,obj_freq,iobj_freq,subj_avdist,obj_avdist,iobj_avdist
0.3287023339653849,sembler:VERB,,0.4692982456140351,0.10526315789473684,0.42543859649122806,-1.042857142857143,-5.452380952380952,-0.5882352941176471
