probability,verb,prev_layer,subj_freq,obj_freq,iobj_freq,subj_avdist,obj_avdist,iobj_avdist
0.23689737501701555,faire:VERB,,0.5030514385353095,0.43156059285091547,0.06538796861377508,-0.1913841807909605,-4.263742071881607,-0.2111436950146628
