probability,verb,prev_layer,subj_freq,obj_freq,iobj_freq,subj_avdist,obj_avdist,iobj_avdist
0.2803781996063786,arriver:VERB,,0.7647058823529411,0.051470588235294115,0.18382352941176472,-2.1893203883495147,-3.4166666666666665,-0.4692982456140351
0.4081187240344978,flotter:VERB,,0.6666666666666666,0.0,0.3333333333333333,-2.5,0.0,-1.0
0.5496789321641911,sembler:VERB,,0.4692982456140351,0.10526315789473684,0.42543859649122806,-1.042857142857143,-5.452380952380952,-0.5882352941176471
