probability,verb,prev_layer,subj_freq,obj_freq,iobj_freq,subj_avdist,obj_avdist,iobj_avdist
0.28731291269285547,cesser:VERB,,0.5121951219512195,0.17073170731707316,0.3170731707317073,3.0952380952380953,9.75,-1.3076923076923077
0.7912772265573574,complaire:VERB,,0.3333333333333333,0.3333333333333333,0.3333333333333333,2.0,3.0,-2.0
0.38890934740014316,conseiller:VERB,,0.44285714285714284,0.22857142857142856,0.32857142857142857,3.1961538461538463,3.2,-0.8219696969696969
0.36403191480054115,déclarer:VERB,,0.4714285714285714,0.37142857142857144,0.15714285714285714,3.2885245901639344,3.5959520239880063,-1.5909090909090908
0.12628458934496717,parvenir:VERB,,0.5315315315315315,0.009009009009009009,0.45945945945945943,3.152542372881356,4.0,-0.2808441558441559
0.38493503672108975,surnommer:VERB,,0.41666666666666663,0.16666666666666666,0.4166666666666667,2.0,3.5,-2.6
0.1326676376361169,témoigner:VERB,,0.7333333333333333,0.06666666666666667,0.2,1.9090909090909092,7.0,-2.5
