probability,verb,prev_layer,subj_freq,obj_freq,iobj_freq,subj_avdist,obj_avdist,iobj_avdist
0.12543975770625435,forcer:VERB,,0.3448275862068966,0.20689655172413793,0.4482758620689655,3.875,0.3333333333333333,-2.3846153846153846
0.37500801192317984,supplier:VERB,,0.2,0.4,0.4,1.0,0.0,-5.5
