probability,verb,prev_layer,subj_freq,obj_freq,iobj_freq,subj_avdist,obj_avdist,iobj_avdist
0.16289055135470495,analyser:VERB,,0.6000000000000001,0.4,0.0,2.5,9.0,0.0
0.17335471510636075,embrasser:VERB,,0.3333333333333333,0.6666666666666666,0.0,1.0,7.0,0.0
0.135233545989651,lâcher:VERB,,0.5555555555555556,0.4444444444444444,0.0,1.625,6.333333333333333,0.0
0.18522117525734036,plaider:VERB,,0.7142857142857143,0.2857142857142857,0.0,1.4,8.0,0.0
0.10954748475006972,plaindre:VERB,,0.75,0.125,0.125,4.0,11.0,1.0
0.1903287932038464,rapporter:VERB,,0.6595744680851063,0.3191489361702128,0.02127659574468085,5.834033613445379,9.549999999999999,1.0
