probability,verb,prev_layer,subj_freq,obj_freq,iobj_freq,subj_avdist,obj_avdist,iobj_avdist
0.6614804761849837,faire:VERB,,0.5030514385353095,0.43156059285091547,0.06538796861377508,-0.1913841807909605,-4.263742071881607,-0.2111436950146628
0.360700389069718,importer:VERB,,0.7647058823529412,0.23529411764705882,0.0,-1.25,-10.166666666666666,0.0
0.3713844118498105,instituer:VERB,,0.75,0.25,0.0,-0.3333333333333333,-3.0,0.0
0.40811872403449767,sous-entendre:VERB,,0.6666666666666666,0.3333333333333333,0.0,-0.5,-5.0,0.0
