probability,verb,prev_layer,subj_freq,obj_freq,iobj_freq,subj_avdist,obj_avdist,iobj_avdist
0.11065153994511724,importer:VERB,,0.7647058823529412,0.23529411764705882,0.0,-1.25,-10.166666666666666,0.0
0.12707918327503803,instituer:VERB,,0.75,0.25,0.0,-0.3333333333333333,-3.0,0.0
0.17335471510636075,sous-entendre:VERB,,0.6666666666666666,0.3333333333333333,0.0,-0.5,-5.0,0.0
