probability,verb,prev_layer,subj_freq,obj_freq,iobj_freq,subj_avdist,obj_avdist,iobj_avdist
0.10168106308235465,forcer:VERB,,0.3448275862068966,0.20689655172413793,0.4482758620689655,3.875,0.3333333333333333,-2.3846153846153846
0.13539293444234948,hésiter:VERB,,0.42857142857142855,0.0,0.5714285714285714,2.4444444444444446,0.0,-3.5
0.9624989984449874,meurtrir:VERB,,0.0,0.0,1.0,0.0,0.0,-2.0
0.13539293444234948,peiner:VERB,,0.42857142857142855,0.0,0.5714285714285714,1.0,0.0,-3.0
0.35806062347240564,permettere:VERB,,0.3333333333333333,0.0,0.6666666666666666,1.5,0.0,-1.0
0.15909185463884162,promouvoir:VERB,,0.38461538461538464,0.07692307692307693,0.5384615384615384,1.8333333333333335,-2.0,-1.2857142857142858
0.13416010835008996,rebaptiser:VERB,,0.375,0.125,0.5,3.3333333333333335,1.0,-2.0
0.13197099659908051,tarder:VERB,,0.4,0.06666666666666667,0.5333333333333333,5.0,4.0,-3.125
