probability,verb,prev_layer,subj_freq,obj_freq,iobj_freq,subj_avdist,obj_avdist,iobj_avdist
0.3003461500192157,dopisywać:VERB,,0.5,0.25,0.25,0.5,1.0,2.0
0.22405314047505595,nadawać:VERB,,0.6666666666666666,0.26666666666666666,0.06666666666666667,0.4,0.5,2.0
0.2486498945299785,podobać:VERB,,0.391304347826087,0.06521739130434782,0.5434782608695652,0.3333333333333333,1.0,1.36
0.20551557626057718,podskoczyć:VERB,,0.6666666666666666,0.16666666666666666,0.16666666666666666,2.0,3.0,3.0
0.3003461500192157,przyschnąć:VERB,,0.5,0.25,0.25,3.0,4.0,4.0
0.20551557626057718,zepsuć:VERB,,0.6666666666666666,0.16666666666666666,0.16666666666666666,2.0,3.0,4.0
