probability,verb,prev_layer,subj_freq,obj_freq,iobj_freq,subj_avdist,obj_avdist,iobj_avdist
0.7912772265573574,darować:VERB,,0.3333333333333333,0.3333333333333333,0.3333333333333333,2.0,5.0,3.0
0.33012479993377325,zagrażać:VERB,,0.5,0.1111111111111111,0.3888888888888889,0.5555555555555556,2.0,1.1428571428571428
