probability,verb,prev_layer,subj_freq,obj_freq,iobj_freq,subj_avdist,obj_avdist,iobj_avdist
0.16433367254516693,należeć:VERB,,0.5252525252525253,0.030303030303030304,0.4444444444444444,0.5384615384615384,2.0,-0.25897435897435894
0.2985391387106543,odpowiedzieć:VERB,,0.5,0.2916666666666667,0.20833333333333334,0.3333333333333333,0.5714285714285714,-1.0
0.19148075623449695,pomóc:VERB,,0.38095238095238093,0.023809523809523808,0.5952380952380952,0.5625,5.0,-1.5666666666666667
0.16613668872131934,przeszkadzać:VERB,,0.4782608695652174,0.043478260869565216,0.4782608695652174,1.4545454545454546,2.0,-0.75
0.7912772265573574,przykleić:VERB,,0.3333333333333333,0.3333333333333333,0.3333333333333333,1.0,2.0,-1.0
0.38516656984203024,przypłacić:VERB,,0.42857142857142855,0.42857142857142855,0.14285714285714285,1.0,4.0,-2.0
