probability,verb,prev_layer,subj_freq,obj_freq,iobj_freq,subj_avdist,obj_avdist,iobj_avdist
0.22265908135930232,badać:VERB,,0.3333333333333333,0.6111111111111112,0.05555555555555555,-1.0,-0.5454545454545454,-3.0
0.4581609210220975,czynić:VERB,,0.3333333333333333,0.4166666666666667,0.25,-1.25,-0.6,-1.5
0.2447194915672523,owiać:VERB,,0.2,0.6,0.2,-2.0,-1.0,-4.0
