probability,verb,prev_layer,subj_freq,obj_freq,iobj_freq,subj_avdist,obj_avdist,iobj_avdist
0.3808536451112582,ulegać:VERB,,0.4444444444444444,0.2222222222222222,0.3333333333333333,-1.6666666666666667,-1.5,-1.6666666666666667
0.6914081570332388,wydać:VERB,,0.3181818181818182,0.3181818181818182,0.36363636363636365,-2.75,-1.7142857142857142,-2.0
