probability,verb,prev_layer,subj_freq,obj_freq,iobj_freq,subj_avdist,obj_avdist,iobj_avdist
0.7912772265573574,pleść:VERB,,0.3333333333333333,0.3333333333333333,0.3333333333333333,3.0,1.0,5.0
0.1733547151063608,spaść:VERB,,0.6666666666666666,0.0,0.3333333333333333,0.5,0.0,1.0
0.1783277710874678,spodobać:VERB,,0.3076923076923077,0.0,0.6923076923076923,1.0,0.0,1.3333333333333333
0.17110133553776485,służyć:VERB,,0.6470588235294118,0.0,0.35294117647058826,0.7272727272727273,0.0,0.8333333333333334
0.2868473468969604,śpiewać:VERB,,0.3333333333333333,0.5555555555555556,0.1111111111111111,1.6666666666666667,0.0,2.0
