probability,verb,prev_layer,subj_freq,obj_freq,iobj_freq,subj_avdist,obj_avdist,iobj_avdist
0.4081187240344978,chrupnąć:VERB,,0.0,0.6666666666666666,0.3333333333333333,0.0,3.0,1.0
0.12846690947268397,dokuczać:VERB,,0.3333333333333333,0.16666666666666666,0.5,0.0,1.0,0.3333333333333333
0.23761792263311743,ufać:VERB,,0.2,0.1,0.7,2.0,1.0,0.5714285714285714
0.44803335369887126,ukraść:VERB,,0.14285714285714285,0.42857142857142855,0.42857142857142855,-3.0,1.6666666666666667,0.0
0.890326026731683,wybaczać:VERB,,0.0,0.5,0.5,0.0,3.0,1.0
0.4081187240344978,znudzić:VERB,,0.0,0.3333333333333333,0.6666666666666666,0.0,3.0,1.0
