probability,verb,prev_layer,subj_freq,obj_freq,iobj_freq,subj_avdist,obj_avdist,iobj_avdist
0.7912772265573574,odpisać:VERB,,0.3333333333333333,0.3333333333333333,0.3333333333333333,-2.0,-8.0,-1.0
0.19975769119822523,okazać:VERB,,0.6290322580645161,0.03225806451612903,0.3387096774193548,-2.536684782608696,-5.5,-2.4285714285714284
0.7912772265573574,skarżyć:VERB,,0.3333333333333333,0.3333333333333333,0.3333333333333333,-2.0,-7.0,-1.0
0.2947083553922029,ulec:VERB,,0.45454545454545453,0.09090909090909091,0.45454545454545453,-0.6,-1.0,-0.4
0.3225730609388729,wkurzać:VERB,,0.3333333333333333,0.5,0.16666666666666666,-2.0,-3.5,-1.0
0.33797766569548227,wydawać:VERB,,0.3529411764705882,0.14285714285714285,0.5042016806722689,-2.3444444444444446,-3.9791666666666665,-1.7864293659621802
0.19790384566697874,wystarczyć:VERB,,0.6739130434782609,0.17391304347826086,0.15217391304347827,-1.1842105263157894,-3.25,-0.125
0.2690810467520588,zagrać:VERB,,0.5714285714285714,0.2857142857142857,0.14285714285714285,-1.0,-3.0,-1.0
