probability,verb,prev_layer,subj_freq,obj_freq,iobj_freq,subj_avdist,obj_avdist,iobj_avdist
0.22529093607082604,chodzić:VERB,,0.5277777777777778,0.05555555555555555,0.4166666666666667,-3.138888888888889,-1.0,-0.4642857142857143
0.29797252029060833,nazwać:VERB,,0.1875,0.3125,0.5,-0.6666666666666666,-0.2,-0.1428571428571429
0.7912772265573574,uniemożliwić:VERB,,0.3333333333333333,0.3333333333333333,0.3333333333333333,-5.0,-2.0,-1.0
