probability,verb,prev_layer,subj_freq,obj_freq,iobj_freq,subj_avdist,obj_avdist,iobj_avdist
0.2523054054114255,bronić:VERB,,0.6,0.3,0.1,1.3333333333333333,-1.0,2.0
0.2596141220161335,drżeć:VERB,,0.5454545454545454,0.18181818181818182,0.2727272727272727,0.16666666666666666,-3.5,0.6666666666666666
0.20380320777881555,minąć:VERB,,0.6538461538461539,0.3076923076923077,0.038461538461538464,0.5882352941176471,-2.125,3.0
0.2985391387106543,odbierać:VERB,,0.2916666666666667,0.5,0.20833333333333334,2.2857142857142856,-1.25,3.8
0.392200022756677,opowiadać:VERB,,0.4166666666666667,0.375,0.20833333333333334,0.2,-2.3214285714285716,0.2
0.15100505758148797,podrzucić:VERB,,0.14285714285714285,0.7142857142857143,0.14285714285714285,1.0,-1.6,2.0
0.24805940936776016,stworzyć:VERB,,0.25,0.625,0.125,1.0,-1.0,1.0
0.3225730609388729,sugerować:VERB,,0.5,0.3333333333333333,0.16666666666666666,1.6666666666666667,-0.5,2.0
0.2372295248659389,zamykać:VERB,,0.2727272727272727,0.6363636363636364,0.09090909090909091,0.8333333333333334,-0.9285714285714286,2.5
