probability,verb,prev_layer,subj_freq,obj_freq,iobj_freq,subj_avdist,obj_avdist,iobj_avdist
0.2611363397749517,imenovati:VERB,,0.2692307692307692,0.5769230769230769,0.15384615384615385,-0.7142857142857143,0.4666666666666667,-0.5
0.10586112438039608,izkazati:VERB,,0.7692307692307693,0.0,0.23076923076923078,-4.0,0.0,-0.6666666666666666
0.31426376365913994,uspevati:VERB,,0.5,0.4,0.1,-3.125,2.0,-1.0
0.19671837659316435,veljati:VERB,,0.4426229508196721,0.04918032786885246,0.5081967213114754,-2.4402173913043477,0.0,-1.935483870967742
