probability,verb,prev_layer,subj_freq,obj_freq,iobj_freq,subj_avdist,obj_avdist,iobj_avdist
0.286496297155021,moči:VERB,,0.24311926605504589,0.05504587155963303,0.701834862385321,2.943396226415094,0.5,0.8278145695364238
