probability,verb,prev_layer,subj_freq,obj_freq,iobj_freq,subj_avdist,obj_avdist,iobj_avdist
0.890326026731683,dolgovati:VERB,,0.0,0.5,0.5,0.0,2.0,1.0
0.10484576806641639,lotiti:VERB,,0.2777777777777778,0.7222222222222222,0.0,3.0,0.8461538461538461,0.0
0.10713884257802533,početi:VERB,,0.27586206896551724,0.7241379310344828,0.0,0.0,1.619047619047619,0.0
0.890326026731683,prikleniti:VERB,,0.0,0.5,0.5,0.0,4.0,1.0
0.24116342193906073,primeriti:VERB,,0.25,0.5,0.25,-7.0,3.5,2.0
0.1713160519721914,zaupati:VERB,,0.3076923076923077,0.46153846153846156,0.23076923076923078,3.25,1.8333333333333333,1.6666666666666667
0.4081187240344978,zvezati:VERB,,0.0,0.6666666666666666,0.3333333333333333,0.0,2.5,2.0
