probability,verb,prev_layer,subj_freq,obj_freq,iobj_freq,subj_avdist,obj_avdist,iobj_avdist
0.35606553634938415,izkazati:VERB,,0.7692307692307693,0.0,0.23076923076923078,-4.0,0.0,-0.6666666666666666
0.717278569275031,veljati:VERB,,0.4426229508196721,0.04918032786885246,0.5081967213114754,-2.4402173913043477,0.0,-1.935483870967742
0.24086804781060792,zadostovati:VERB,,0.8333333333333333,0.0,0.16666666666666666,-2.375,0.0,-2.0
0.24005235974821956,šteti:VERB,,0.47368421052631576,0.2631578947368421,0.2631578947368421,-2.8125,-0.4,-1.8
