probability,verb,prev_layer,subj_freq,obj_freq,iobj_freq,subj_avdist,obj_avdist,iobj_avdist
0.17832777108746775,prositi:VERB,,0.0,0.6923076923076923,0.3076923076923077,0.0,-3.0833333333333335,-1.25
0.12707918327503803,zmoči:VERB,,0.0,0.75,0.25,0.0,-1.0,-1.0
