probability,verb,prev_layer,subj_freq,obj_freq,iobj_freq,subj_avdist,obj_avdist,iobj_avdist
0.24042455737107016,iti:VERB,,0.5727272727272726,0.20909090909090908,0.21818181818181817,-1.596774193548387,1.826086956521739,-2.4583333333333335
0.5925845405991679,postajati:VERB,,0.4166666666666667,0.08333333333333333,0.5,-0.4,1.5,-3.6666666666666665
0.47049204779018144,postati:VERB,,0.3609022556390977,0.015037593984962405,0.6240601503759399,-0.6956521739130435,2.5,-1.7228915662650603
