probability,verb,prev_layer,subj_freq,obj_freq,iobj_freq,subj_avdist,obj_avdist,iobj_avdist
0.13431016175936455,pripeljati:VERB,,0.5,0.4722222222222222,0.027777777777777776,1.5555555555555556,1.9411764705882353,3.0
0.38516656984203035,zavidati:VERB,,0.14285714285714285,0.42857142857142855,0.42857142857142855,2.0,3.0,3.3333333333333335
