probability,verb,prev_layer,subj_freq,obj_freq,iobj_freq,subj_avdist,obj_avdist,iobj_avdist
0.38518702556790485,gnati:VERB,,0.4,0.4,0.2,0.0,3.5,-1.0
0.2458084133040609,iti:VERB,,0.5727272727272726,0.20909090909090908,0.21818181818181817,-1.596774193548387,1.826086956521739,-2.4583333333333335
0.12707918327503803,odnesti:VERB,,0.0,0.75,0.25,0.0,3.0,-1.0
0.38516656984203024,odpovedovati:VERB,,0.42857142857142855,0.42857142857142855,0.14285714285714285,-1.0,1.0,-6.0
0.28078915149844624,postajati:VERB,,0.4166666666666667,0.08333333333333333,0.5,-0.4,1.5,-3.6666666666666665
0.18366330093472194,postati:VERB,,0.3609022556390977,0.015037593984962405,0.6240601503759399,-0.6956521739130435,2.5,-1.7228915662650603
0.2447194915672523,prizadeti:VERB,,0.2,0.6,0.2,-1.0,1.6666666666666667,-3.0
