probability,verb,prev_layer,subj_freq,obj_freq,iobj_freq,subj_avdist,obj_avdist,iobj_avdist
0.18028772486932285,nastaviti:VERB,,0.4,0.3,0.3,1.5,-0.3333333333333333,2.0
0.28839869608063023,ostati:VERB,,0.5714285714285714,0.14285714285714285,0.2857142857142857,1.25,3.0,1.7352941176470589
0.12846690947268397,zašepetati:VERB,,0.5,0.3333333333333333,0.16666666666666666,2.6666666666666665,1.5,3.0
