probability,verb,prev_layer,subj_freq,obj_freq,iobj_freq,subj_avdist,obj_avdist,iobj_avdist
0.5124328878267296,zdeti:VERB,,0.3883495145631068,0.35436893203883496,0.25728155339805825,-1.82989368355222,-0.4444444444444444,-0.5961538461538463
0.34520468346373223,šteti:VERB,,0.47368421052631576,0.2631578947368421,0.2631578947368421,-2.8125,-0.4,-1.8
