probability,verb,prev_layer,subj_freq,obj_freq,iobj_freq,subj_avdist,obj_avdist,iobj_avdist
0.38518702556790485,dodeliti:VERB,,0.2,0.4,0.4,2.0,3.0,-1.75
0.2447194915672523,marati:VERB,,0.2,0.6,0.2,2.0,2.0,-1.0
0.21449143876252588,poskušati:VERB,,0.25,0.03571428571428571,0.7142857142857143,2.857142857142857,3.0,-2.55
0.2690810467520588,pričeti:VERB,,0.14285714285714285,0.2857142857142857,0.5714285714285714,2.0,3.0,-1.5
0.3003461500192157,probati:VERB,,0.25,0.5,0.25,1.0,4.0,-1.0
0.49682292404860556,ratati:VERB,,0.375,0.25,0.375,2.0,2.5,-0.3333333333333333
0.3225730609388729,splačati:VERB,,0.3333333333333333,0.16666666666666666,0.5,1.0,2.0,-1.0
0.38516656984203024,zbujati:VERB,,0.42857142857142855,0.42857142857142855,0.14285714285714285,0.3333333333333333,0.3333333333333333,-2.0
