probability,verb,prev_layer,subj_freq,obj_freq,iobj_freq,subj_avdist,obj_avdist,iobj_avdist
0.7912772265573574,izliti:VERB,,0.3333333333333333,0.3333333333333333,0.3333333333333333,4.0,5.0,4.0
0.2690810467520588,ostati:VERB,,0.5714285714285714,0.14285714285714285,0.2857142857142857,1.25,3.0,1.7352941176470589
0.7912772265573574,poželeti:VERB,,0.3333333333333333,0.3333333333333333,0.3333333333333333,1.0,3.0,2.0
