probability,verb,prev_layer,subj_freq,obj_freq,iobj_freq,subj_avdist,obj_avdist,iobj_avdist
0.3127990624748382,moči:VERB,,0.24311926605504589,0.05504587155963303,0.701834862385321,2.943396226415094,0.5,0.8278145695364238
0.12451835304250301,oditi:VERB,,0.8888888888888888,0.0,0.1111111111111111,2.125,0.0,2.0
