probability,verb,prev_layer,subj_freq,obj_freq,iobj_freq,subj_avdist,obj_avdist,iobj_avdist
0.23546844910523637,بتا:VERB,,0.20689655172413793,0.6666666666666666,0.12643678160919541,6.388888888888889,-6.810344827586207,1.7678571428571428
0.24116342193906073,پوچھ:VERB,,0.25,0.5,0.25,1.0,-18.5,2.0
