probability,verb,prev_layer,subj_freq,obj_freq,iobj_freq,subj_avdist,obj_avdist,iobj_avdist
0.17335471510636075,خرید:VERB,,0.3333333333333333,0.6666666666666666,0.0,3.5,4.0,0.0
0.17335471510636075,سکھا:VERB,,0.3333333333333333,0.6666666666666666,0.0,3.0,4.5,0.0
0.2690810467520588,پڑ:VERB,,0.5714285714285714,0.14285714285714285,0.2857142857142857,4.0,5.0,2.0
0.17335471510636075,ڈر:VERB,,0.6666666666666666,0.3333333333333333,0.0,5.5,6.0,0.0
