probability,verb,prev_layer,subj_freq,obj_freq,iobj_freq,subj_avdist,obj_avdist,iobj_avdist
0.9624989984449874,اکسا:VERB,,0.0,0.0,1.0,0.0,0.0,4.0
0.9624989984449874,بچا:VERB,,0.0,0.0,1.0,0.0,0.0,9.0
0.9624989984449874,دلایا:VERB,,0.0,0.0,1.0,0.0,0.0,10.0
0.9624989984449874,دی:VERB,,0.0,0.0,1.0,0.0,0.0,9.0
0.24098577340611205,سونپ:VERB,,0.18181818181818182,0.2727272727272727,0.5454545454545454,9.0,3.0,4.5
0.18330450892735903,نواز:VERB,,0.25,0.25,0.5,4.0,2.0,4.0
