probability,verb,prev_layer,subj_freq,obj_freq,iobj_freq,subj_avdist,obj_avdist,iobj_avdist
0.3003461500192157,ادا:VERB,,0.25,0.5,0.25,9.0,2.0,15.0
0.2514362425941356,بھر:VERB,,0.42857142857142855,0.5,0.07142857142857142,5.666666666666667,3.142857142857143,7.0
0.2225750658084414,جیت:VERB,,0.4,0.55,0.05,7.0,1.1818181818181819,7.0
0.18995881973662518,لا:VERB,,0.30357142857142855,0.6785714285714286,0.017857142857142856,7.823529411764706,5.526315789473684,18.0
0.2447194915672523,لوٹ:VERB,,0.6,0.2,0.2,5.666666666666667,1.5,8.0
0.3003461500192157,نواز:VERB,,0.25,0.25,0.5,4.0,2.0,4.0
