probability,verb,prev_layer,subj_freq,obj_freq,iobj_freq,subj_avdist,obj_avdist,iobj_avdist
0.23223141076870008,بڑھ:VERB,,0.5882352941176471,0.35294117647058826,0.058823529411764705,2.8,3.6666666666666665,20.0
