probability,verb,prev_layer,subj_freq,obj_freq,iobj_freq,subj_avdist,obj_avdist,iobj_avdist
0.1594445649844149,بچ:VERB,,0.5714285714285714,0.2857142857142857,0.14285714285714285,3.25,-3.0,4.0
0.11474502022483851,تھا:VERB,,0.717391304347826,0.2717391304347826,0.010869565217391304,7.318181818181818,-1.88,10.0
0.10086961101191406,جان:VERB,,0.5333333333333333,0.3333333333333333,0.13333333333333333,5.5,-5.4,7.5
0.24281618002244817,لوٹ:VERB,,0.6,0.2,0.2,5.666666666666667,1.5,8.0
0.24116342193906073,نواز:VERB,,0.25,0.25,0.5,4.0,2.0,4.0
