probability,verb,prev_layer,subj_freq,obj_freq,iobj_freq,subj_avdist,obj_avdist,iobj_avdist
0.22606165215022997,بتا:VERB,,0.20689655172413793,0.6666666666666666,0.12643678160919541,6.388888888888889,-6.810344827586207,1.7678571428571428
0.9624989984449877,دیا:VERB,,0.0,1.0,0.0,0.0,-14.0,0.0
0.18330450892735903,پوچھ:VERB,,0.25,0.5,0.25,1.0,-18.5,2.0
0.21891386641657615,کھل:VERB,,0.4,0.6,0.0,1.5,-0.6666666666666666,0.0
0.24484071662705872,کہہ:VERB,,0.3378995433789954,0.5662100456621004,0.0958904109589041,4.945945945945946,-12.701612903225806,2.85625
0.9624989984449877,یاد:VERB,,0.0,1.0,0.0,0.0,-12.0,0.0
