probability,verb,prev_layer,subj_freq,obj_freq,iobj_freq,subj_avdist,obj_avdist,iobj_avdist
0.2690810467520588,بچ:VERB,,0.5714285714285714,0.2857142857142857,0.14285714285714285,3.25,-3.0,4.0
0.19555186396165444,تھا:VERB,,0.717391304347826,0.2717391304347826,0.010869565217391304,7.318181818181818,-1.88,10.0
0.30869075121215844,جان:VERB,,0.5333333333333333,0.3333333333333333,0.13333333333333333,5.5,-5.4,7.5
0.3328962422450884,فرما:VERB,,0.4642857142857143,0.42857142857142855,0.10714285714285714,4.846153846153846,-1.75,5.0
0.3003461500192157,پوچھ:VERB,,0.25,0.5,0.25,1.0,-18.5,2.0
0.19810292577819674,ہے:VERB,,0.5773195876288659,0.3917525773195876,0.030927835051546393,5.532738095238095,-1.9473684210526316,6.888888888888889
