WordOrder,NetworkParameter,Score
SOV,Outperc,0.5295693089628296
SVO,Outperc,0.30466634334055837
VSO,Outperc,-0.06397693062904362
VOS,EdgeCount,-0.2962564686684279
OVS,ClosenessCentrality,-0.04941158188755376
OSV,Outperc,0.2977428058252779
