probability,verb,prev_layer,subj_freq,obj_freq,iobj_freq,subj_avdist,obj_avdist,iobj_avdist
0.24005235974821965,доверять:VERB,,0.2631578947368421,0.2631578947368421,0.47368421052631576,1.2,2.4,0.4444444444444444
