probability,verb,prev_layer,subj_freq,obj_freq,iobj_freq,subj_avdist,obj_avdist,iobj_avdist
0.7912772265573574,ЗАРЕЗАТЬ:VERB,,0.3333333333333333,0.3333333333333333,0.3333333333333333,-2.0,3.0,-1.0
0.1733547151063608,ИЗОБРАЖАТЬСЯ:VERB,,0.6666666666666666,0.0,0.3333333333333333,-2.0,0.0,-2.0
0.7912772265573574,ПРИЧИНИТЬ:VERB,,0.3333333333333333,0.3333333333333333,0.3333333333333333,-2.0,1.0,-1.0
0.7912772265573574,СОПРОТИВЛЯТЬСЯ:VERB,,0.3333333333333333,0.3333333333333333,0.3333333333333333,-1.0,1.0,-1.0
0.23336497566209988,готовить:VERB,,0.3469387755102041,0.5918367346938775,0.061224489795918366,-0.75,0.06896551724137931,-0.3333333333333333
0.12707918327503803,рисоваться:VERB,,0.75,0.0,0.25,-1.0,0.0,-1.0
