probability,verb,prev_layer,subj_freq,obj_freq,iobj_freq,subj_avdist,obj_avdist,iobj_avdist
0.12707918327503803,дышать:VERB,,0.75,0.0,0.25,2.3333333333333335,0.0,2.5
0.12707918327503803,орать:VERB,,0.75,0.0,0.25,2.0,0.0,4.0
0.17001671208414662,полагаться:VERB,,0.6363636363636364,0.0,0.36363636363636365,0.08333333333333337,0.0,4.25
0.17068342731332495,понадобиться:VERB,,0.6428571428571428,0.0,0.35714285714285715,0.3125,0.0,1.9
0.1018518332479166,приходиться:VERB,,0.7731092436974789,0.0,0.226890756302521,0.29065238558909445,0.0,1.1111111111111112
0.17455106807281476,удаваться:VERB,,0.6744186046511628,0.0,0.32558139534883723,1.6018518518518519,0.0,8.666666666666666
0.17507965230002473,удаться:VERB,,0.6774193548387096,0.0,0.3225806451612903,1.0961538461538463,0.0,2.225
0.11006845011854068,хватать:VERB,,0.75,0.14583333333333334,0.10416666666666667,1.3333333333333333,0.14285714285714285,2.4
