probability,verb,prev_layer,subj_freq,obj_freq,iobj_freq,subj_avdist,obj_avdist,iobj_avdist
0.15100505758148797,ВЫДЕЛЯТЬСЯ:VERB,,0.7142857142857143,0.14285714285714285,0.14285714285714285,-1.0,-4.0,-1.0
0.18868245854863752,выбирать:VERB,,0.411764705882353,0.5588235294117647,0.029411764705882353,-1.1666666666666665,-1.368421052631579,-1.0
0.3550471749730209,казаться:VERB,,0.33333333333333337,0.20967741935483872,0.45698924731182794,-1.4233766233766234,-7.0,-0.49404761904761907
0.20266362937675472,поразить:VERB,,0.5416666666666667,0.4166666666666667,0.041666666666666664,-1.074074074074074,-1.3333333333333333,-1.0
0.28287904851823065,пояснить:VERB,,0.5454545454545454,0.09090909090909091,0.36363636363636365,-2.0833333333333335,-7.5,-1.875
