probability,verb,prev_layer,subj_freq,obj_freq,iobj_freq,subj_avdist,obj_avdist,iobj_avdist
0.38518702556790485,ЗАКАЗАТЬ:VERB,,0.4,0.2,0.4,-1.0,-1.0,-2.5
0.3225730609388729,КОМАНДОВАТЬ:VERB,,0.3333333333333333,0.5,0.16666666666666666,-1.25,-0.8333333333333334,-2.0
0.25961412201613354,проложить:VERB,,0.2727272727272727,0.5454545454545454,0.18181818181818182,-2.0,-1.5,-5.0
