probability,verb,prev_layer,subj_freq,obj_freq,iobj_freq,subj_avdist,obj_avdist,iobj_avdist
0.2690810467520588,РУКОВОДИТЬ:VERB,,0.14285714285714285,0.5714285714285714,0.2857142857142857,-4.0,-1.0,-1.0
0.36079238411026787,СТАТЬ:VERB,,0.42196531791907516,0.3988439306358382,0.1791907514450867,-0.7986111111111112,-0.2463768115942029,-0.09999999999999998
0.38516656984203024,комментировать:VERB,,0.42857142857142855,0.42857142857142855,0.14285714285714285,-2.6666666666666665,-2.0,-2.0
