probability,verb,prev_layer,subj_freq,obj_freq,iobj_freq,subj_avdist,obj_avdist,iobj_avdist
0.26317459153508443,lide:VERB,,0.5185185185185185,0.4074074074074074,0.07407407407407407,-1.4285714285714286,-1.7272727272727273,-20.5
