probability,verb,prev_layer,subj_freq,obj_freq,iobj_freq,subj_avdist,obj_avdist,iobj_avdist
0.7912772265573574,betro:VERB,,0.3333333333333333,0.3333333333333333,0.3333333333333333,-2.0,9.0,-3.0
0.1733547151063608,insistere:VERB,,0.6666666666666666,0.0,0.3333333333333333,0.0,0.0,-10.0
0.18043338549641438,sige:VERB,,0.6159292035398231,0.37168141592920356,0.012389380530973451,-0.06321839080459771,3.4902395740905057,-0.2
0.7912772265573574,skylde:VERB,,0.3333333333333333,0.3333333333333333,0.3333333333333333,-1.0,1.0,-3.0
0.25438958554839597,spørge:VERB,,0.5869565217391305,0.32608695652173914,0.08695652173913043,-0.2222222222222222,1.5909090909090908,-0.75
0.1733547151063608,tvivle:VERB,,0.6666666666666666,0.0,0.3333333333333333,0.0,0.0,-2.0
