probability,verb,prev_layer,subj_freq,obj_freq,iobj_freq,subj_avdist,obj_avdist,iobj_avdist
0.17335471510636075,afsætte:VERB,,0.3333333333333333,0.6666666666666666,0.0,-1.0,-5.5,0.0
0.17335471510636075,brække:VERB,,0.6666666666666666,0.3333333333333333,0.0,0.0,-2.0,0.0
0.17335471510636075,danse:VERB,,0.3333333333333333,0.6666666666666666,0.0,-1.0,-1.5,0.0
0.17335471510636075,grave:VERB,,0.6666666666666666,0.3333333333333333,0.0,-1.0,-7.0,0.0
0.17001671208414662,nævne:VERB,,0.6363636363636364,0.36363636363636365,0.0,-0.14285714285714285,-11.0,0.0
0.15555656604761817,opføre:VERB,,0.4166666666666667,0.5833333333333334,0.0,0.0,-1.1428571428571428,0.0
0.135233545989651,score:VERB,,0.4444444444444444,0.5555555555555556,0.0,-1.0,-5.6,0.0
0.12707918327503803,skrige:VERB,,0.75,0.25,0.0,-0.3333333333333333,-5.0,0.0
0.12707918327503803,træne:VERB,,0.75,0.25,0.0,-0.3333333333333333,-2.0,0.0
