probability,verb,prev_layer,subj_freq,obj_freq,iobj_freq,subj_avdist,obj_avdist,iobj_avdist
0.38587629068568413,give:VERB,,0.43575418994413406,0.41899441340782123,0.14525139664804468,2.3205128205128207,7.297297297297297,2.9166666666666665
