probability,verb,prev_layer,subj_freq,obj_freq,iobj_freq,subj_avdist,obj_avdist,iobj_avdist
0.3003461500192157,frembringe:VERB,,0.5,0.25,0.25,-1.5,-1.0,-5.0
0.7912772265573574,leje:VERB,,0.3333333333333333,0.3333333333333333,0.3333333333333333,-6.0,-3.0,-7.0
