probability,verb,prev_layer,subj_freq,obj_freq,iobj_freq,subj_avdist,obj_avdist,iobj_avdist
0.22156602125923586,lade:VERB,,0.28125,0.375,0.34375,2.7777777777777777,-7.130434782608695,-1.6363636363636365
0.21604383121528978,skynde:VERB,,0.2857142857142857,0.42857142857142855,0.2857142857142857,0.0,-2.6666666666666665,-1.5
0.24116342193906073,snuppe:VERB,,0.25,0.5,0.25,-1.0,-2.5,-2.0
0.890326026731683,tilslutte:VERB,,0.0,0.5,0.5,0.0,-6.0,-1.0
