probability,verb,prev_layer,subj_freq,obj_freq,iobj_freq,subj_avdist,obj_avdist,iobj_avdist
0.10954748475006972,dukke:VERB,,0.75,0.125,0.125,3.3333333333333335,14.0,16.0
0.25939428601167275,forklare:VERB,,0.5357142857142857,0.39285714285714285,0.07142857142857142,2.466666666666667,3.178571428571429,14.0
0.24628207730855653,fortælle:VERB,,0.5591397849462365,0.3763440860215054,0.06451612903225806,1.1346153846153846,2.9166666666666665,4.5
0.3003461500192157,informere:VERB,,0.5,0.25,0.25,9.0,9.0,10.0
0.2447194915672523,overfalde:VERB,,0.6,0.2,0.2,7.0,10.0,11.0
0.3003461500192157,privatisere:VERB,,0.5,0.25,0.25,6.0,7.0,8.0
