probability,verb,prev_layer,subj_freq,obj_freq,iobj_freq,subj_avdist,obj_avdist,iobj_avdist
0.37599995153293136,bede:VERB,,0.45454545454545453,0.4090909090909091,0.13636363636363635,1.65,1.78125,-3.5
0.3003461500192157,beordre:VERB,,0.5,0.25,0.25,4.0,6.0,-1.0
0.19303819717886203,følge:VERB,,0.6666666666666666,0.30952380952380953,0.023809523809523808,1.6071428571428572,1.75,-1.0
0.17944406713345168,skrive:VERB,,0.5942028985507246,0.391304347826087,0.014492753623188406,1.6097560975609757,8.947368421052632,-7.0
0.202992096082599,stille:VERB,,0.6,0.36666666666666664,0.03333333333333333,2.388888888888889,8.95,-1.0
0.20098500320869583,tale:VERB,,0.7,0.275,0.025,1.3928571428571428,1.8611111111111112,-4.0
