probability,verb,prev_layer,subj_freq,obj_freq,iobj_freq,subj_avdist,obj_avdist,iobj_avdist
0.890326026731683,doble:VERB,,0.5,0.0,0.5,-1.0,0.0,-2.0
0.24116342193906073,frembringe:VERB,,0.5,0.25,0.25,-1.5,-1.0,-5.0
0.4081187240344978,insistere:VERB,,0.6666666666666666,0.0,0.3333333333333333,0.0,0.0,-10.0
0.4081187240344978,tvivle:VERB,,0.6666666666666666,0.0,0.3333333333333333,0.0,0.0,-2.0
