probability,verb,prev_layer,subj_freq,obj_freq,iobj_freq,subj_avdist,obj_avdist,iobj_avdist
0.1255441306094409,fastslå:VERB,,0.5454545454545454,0.45454545454545453,0.0,-1.0,7.2,0.0
0.17335471510636075,konkludere:VERB,,0.6666666666666666,0.3333333333333333,0.0,-1.0,6.0,0.0
0.11845057833164961,lyde:VERB,,0.7575757575757576,0.24242424242424243,0.0,-0.04,4.625,0.0
0.18522117525734036,mumle:VERB,,0.7142857142857143,0.2857142857142857,0.0,-0.6,3.0,0.0
0.14344285698990097,oplyse:VERB,,0.5652173913043478,0.43478260869565216,0.0,0.0,2.25,0.0
0.17335471510636075,tøve:VERB,,0.6666666666666666,0.3333333333333333,0.0,0.0,3.0,0.0
0.16289055135470498,udbryde:VERB,,0.6,0.4,0.0,-1.3333333333333333,3.5,0.0
