probability,verb,prev_layer,subj_freq,obj_freq,iobj_freq,subj_avdist,obj_avdist,iobj_avdist
0.8903260267316832,anføre:VERB,,0.5,0.5,0.0,-6.5,-6.5,0.0
0.24116342193906073,frembringe:VERB,,0.5,0.25,0.25,-1.5,-1.0,-5.0
0.40811872403449767,piske:VERB,,0.6666666666666666,0.3333333333333333,0.0,-2.0,-2.0,0.0
