probability,verb,prev_layer,subj_freq,obj_freq,iobj_freq,subj_avdist,obj_avdist,iobj_avdist
0.21604383121528978,bane:VERB,,0.2857142857142857,0.2857142857142857,0.42857142857142855,5.0,-2.0,0.0
0.24116342193906073,påføre:VERB,,0.25,0.25,0.5,6.0,-3.0,1.5
