probability,verb,prev_layer,subj_freq,obj_freq,iobj_freq,subj_avdist,obj_avdist,iobj_avdist
0.7912772265573574,nærme:VERB,,0.3333333333333333,0.3333333333333333,0.3333333333333333,-1.0,-3.0,-2.0
0.4601311187185013,skynde:VERB,,0.2857142857142857,0.42857142857142855,0.2857142857142857,0.0,-2.6666666666666665,-1.5
0.3003461500192157,snuppe:VERB,,0.25,0.5,0.25,-1.0,-2.5,-2.0
