probability,verb,prev_layer,subj_freq,obj_freq,iobj_freq,subj_avdist,obj_avdist,iobj_avdist
0.14809471266739757,dele:VERB,,0.5714285714285714,0.42857142857142855,0.0,0.875,0.0,0.0
0.2447194915672523,nøjes:VERB,,0.6,0.2,0.2,7.333333333333333,6.0,7.0
0.17335471510636075,spænde:VERB,,0.6666666666666666,0.3333333333333333,0.0,1.25,0.0,0.0
