probability,verb,prev_layer,subj_freq,obj_freq,iobj_freq,subj_avdist,obj_avdist,iobj_avdist
0.7912772265573574,mencari:VERB,,0.3333333333333333,0.3333333333333333,0.3333333333333333,6.0,-1.0,-9.0
0.7912772265573574,menlakukan:VERB,,0.3333333333333333,0.3333333333333333,0.3333333333333333,3.0,-1.0,-3.0
0.7912772265573574,menperoleh:VERB,,0.3333333333333333,0.3333333333333333,0.3333333333333333,5.0,-1.0,-3.0
