probability,verb,prev_layer,subj_freq,obj_freq,iobj_freq,subj_avdist,obj_avdist,iobj_avdist
0.17335471510636075,berarti:VERB,,0.6666666666666666,0.3333333333333333,0.0,3.5,-1.0,0.0
0.17335471510636075,mencuri:VERB,,0.6666666666666666,0.3333333333333333,0.0,3.0,-1.0,0.0
0.17335471510636075,menkuasai:VERB,,0.6666666666666666,0.3333333333333333,0.0,3.0,-1.0,0.0
