probability,verb,prev_layer,subj_freq,obj_freq,iobj_freq,subj_avdist,obj_avdist,iobj_avdist
0.20362250393857415,kartma:VERB,,0.42342342342342343,0.5315315315315315,0.04504504504504504,-2.4565217391304346,-3.4141025641025644,-2.2
0.24185833277809288,tegema:VERB,,0.3754538852578068,0.5628177196804648,0.06172839506172839,-2.2884866275277234,-2.7959261686325907,-1.223529411764706
