probability,verb,prev_layer,subj_freq,obj_freq,iobj_freq,subj_avdist,obj_avdist,iobj_avdist
0.1557819786846027,hakkama:VERB,,0.4239130434782609,0.005434782608695652,0.5706521739130435,-2.9025974025974026,-0.8333333333333335,-2.1104761904761906
0.18680847650910537,tõstma:VERB,,0.35454545454545455,0.6272727272727273,0.01818181818181818,-1.8445945945945945,-0.927536231884058,-1.5
