probability,verb,prev_layer,subj_freq,obj_freq,iobj_freq,subj_avdist,obj_avdist,iobj_avdist
0.6804998466273743,hakkama:VERB,,0.4239130434782609,0.005434782608695652,0.5706521739130435,-2.9025974025974026,-0.8333333333333335,-2.1104761904761906
0.19449412290682755,kuluma:VERB,,0.8070175438596491,0.05263157894736842,0.14035087719298245,-1.7826086956521738,-3.0,-0.625
0.34645191062851244,näima:VERB,,0.7435897435897436,0.0,0.2564102564102564,-3.237373737373737,0.0,-1.5
0.1987263267206068,paistma:VERB,,0.8522727272727273,0.0,0.14772727272727273,-3.3405797101449277,0.0,-1.0769230769230769
0.811013817963155,pruukima:VERB,,0.4779874213836478,0.031446540880503145,0.49056603773584906,-2.5405405405405403,0.8,-2.5384615384615383
0.6946246116607069,tõotama:VERB,,0.42857142857142855,0.0,0.5714285714285714,-5.0,0.0,-0.5
