probability,verb,prev_layer,subj_freq,obj_freq,iobj_freq,subj_avdist,obj_avdist,iobj_avdist
0.20612611451991525,jääma:VERB,,0.7171464330413015,0.023779724655819776,0.2590738423028786,-1.190728021978022,-5.588235294117647,-2.111111111111111
0.2124147139996732,karjuma:VERB,,0.65,0.30000000000000004,0.05,-0.23076923076923078,-3.625,-2.0
0.15423383584394895,kinnitama:VERB,,0.5617021276595745,0.4297872340425532,0.00851063829787234,-0.32575757575757575,-4.128841607565012,-1.5
0.17348887880180225,maksma:VERB,,0.6217616580310881,0.37305699481865284,0.0051813471502590676,-0.15865384615384615,-2.0972222222222223,-2.0
0.21677938827729887,nägema:VERB,,0.38388625592417064,0.5718799368088467,0.044233807266982623,-1.1942148760330578,-3.5721951219512196,-2.357142857142857
0.3225730609388729,pomisema:VERB,,0.5,0.3333333333333333,0.16666666666666666,-0.3333333333333333,-2.0,-2.0
0.38516656984203024,veenma:VERB,,0.42857142857142855,0.42857142857142855,0.14285714285714285,-2.0,-6.0,-3.0
