probability,verb,prev_layer,subj_freq,obj_freq,iobj_freq,subj_avdist,obj_avdist,iobj_avdist
0.17335471510636075,kindlustama:VERB,,0.3333333333333333,0.6666666666666666,0.0,-0.4,0.0,0.0
0.16289055135470498,ohjama:VERB,,0.4,0.6,0.0,-4.5,0.0,0.0
0.12353731829756061,segama:VERB,,0.4565217391304348,0.5434782608695652,0.0,-1.2500000000000002,0.0,0.0
