probability,verb,prev_layer,subj_freq,obj_freq,iobj_freq,subj_avdist,obj_avdist,iobj_avdist
0.20595402894863316,konstrueerima:VERB,,0.14285714285714285,0.7142857142857143,0.14285714285714285,3.0,0.0,3.0
0.20595402894863316,kütma:VERB,,0.14285714285714285,0.7142857142857143,0.14285714285714285,1.0,1.0,1.0
0.1880754722150443,planeerima:VERB,,0.0,0.8571428571428571,0.14285714285714285,0.0,1.5,2.0
