probability,verb,prev_layer,subj_freq,obj_freq,iobj_freq,subj_avdist,obj_avdist,iobj_avdist
0.1783277710874678,hirmutama:VERB,,0.6923076923076923,0.3076923076923077,0.0,2.2222222222222223,3.0,0.0
0.12707918327503803,inter_preteerima:VERB,,0.25,0.75,0.0,1.0,1.3333333333333333,0.0
0.17335471510636075,moonutama:VERB,,0.3333333333333333,0.6666666666666666,0.0,1.0,1.0,0.0
0.17335471510636075,okupeerima:VERB,,0.3333333333333333,0.6666666666666666,0.0,1.0,1.0,0.0
0.7912772265573574,tembeldama:VERB,,0.3333333333333333,0.3333333333333333,0.3333333333333333,3.0,14.0,1.0
0.16289055135470498,turustama:VERB,,0.6,0.4,0.0,3.0,3.5,0.0
0.135233545989651,tõlkima:VERB,,0.4444444444444444,0.5555555555555556,0.0,0.5,1.8,0.0
0.16289055135470498,võluma:VERB,,0.6,0.4,0.0,0.6666666666666666,1.0,0.0
