probability,verb,prev_layer,subj_freq,obj_freq,iobj_freq,subj_avdist,obj_avdist,iobj_avdist
0.12846690947268397,ajendama:VERB,,0.3333333333333333,0.5,0.16666666666666666,2.5,2.3333333333333335,1.0
0.890326026731683,hakkima:VERB,,0.0,0.5,0.5,0.0,3.0,1.0
0.890326026731683,jahvatama:VERB,,0.0,0.5,0.5,0.0,3.0,1.0
0.10148606773847595,pesema:VERB,,0.3157894736842105,0.5789473684210527,0.10526315789473684,2.3333333333333335,1.5454545454545454,1.0
0.890326026731683,rookima:VERB,,0.0,0.5,0.5,0.0,5.0,1.0
0.890326026731683,ülendama:VERB,,0.0,0.5,0.5,0.0,6.0,1.0
