probability,verb,prev_layer,subj_freq,obj_freq,iobj_freq,subj_avdist,obj_avdist,iobj_avdist
0.1460417611721384,huvitama:VERB,,0.4396551724137931,0.5517241379310345,0.008620689655172414,-4.13474025974026,1.734375,-1.0
0.19813093365552203,näima:VERB,,0.7435897435897436,0.0,0.2564102564102564,-3.237373737373737,0.0,-1.5
0.13797876208694496,pruukima:VERB,,0.4779874213836478,0.031446540880503145,0.49056603773584906,-2.5405405405405403,0.8,-2.5384615384615383
0.14809471266739757,tõotama:VERB,,0.42857142857142855,0.0,0.5714285714285714,-5.0,0.0,-0.5
0.15100505758148797,vormistama:VERB,,0.14285714285714285,0.7142857142857143,0.14285714285714285,-5.0,2.4,-4.0
