probability,verb,prev_layer,subj_freq,obj_freq,iobj_freq,subj_avdist,obj_avdist,iobj_avdist
0.17335471510636075,dotýkať:VERB,,0.3333333333333333,0.6666666666666666,0.0,1.0,2.0,0.0
0.1804487198555443,nasledovať:VERB,,0.7,0.3,0.0,0.14285714285714285,1.0,0.0
0.17335471510636075,obracať:VERB,,0.3333333333333333,0.6666666666666666,0.0,1.0,1.0,0.0
0.12707918327503803,pokladať:VERB,,0.75,0.25,0.0,0.5,4.0,0.0
0.12707918327503803,postarať:VERB,,0.75,0.25,0.0,1.0,1.0,0.0
0.17335471510636075,poviesť:VERB,,0.6666666666666666,0.3333333333333333,0.0,0.5,2.0,0.0
0.1255441306094409,zabezpečovať:VERB,,0.45454545454545453,0.5454545454545454,0.0,1.4,1.6666666666666667,0.0
0.17335471510636075,zabíjať:VERB,,0.3333333333333333,0.6666666666666666,0.0,1.0,1.0,0.0
