probability,verb,prev_layer,subj_freq,obj_freq,iobj_freq,subj_avdist,obj_avdist,iobj_avdist
0.34163664987276454,pomáhať:VERB,,0.125,0.5,0.375,1.0,1.25,-1.25
0.7912772265573574,udať:VERB,,0.3333333333333333,0.3333333333333333,0.3333333333333333,1.0,4.0,-1.0
0.12846451354204946,začať:VERB,,0.13333333333333333,0.13333333333333333,0.7333333333333333,1.5,1.5,-1.6363636363636365
