probability,verb,prev_layer,subj_freq,obj_freq,iobj_freq,subj_avdist,obj_avdist,iobj_avdist
0.25055200762964397,mať:VERB,,0.2386634844868735,0.6085918854415275,0.15274463007159905,-0.4415807560137457,-1.3622047244094488,-1.4126984126984126
0.12707918327503803,poslať:VERB,,0.0,0.75,0.25,0.0,-1.0,-2.0
0.18522117525734036,spýtať:VERB,,0.0,0.7142857142857143,0.2857142857142857,0.0,-2.0952380952380953,-2.75
