probability,verb,prev_layer,subj_freq,obj_freq,iobj_freq,subj_avdist,obj_avdist,iobj_avdist
0.21604383121528978,umožňovať:VERB,,0.42857142857142855,0.2857142857142857,0.2857142857142857,0.0,-1.0,-1.0
0.4081187240344978,utekať:VERB,,0.3333333333333333,0.0,0.6666666666666666,-1.0,0.0,-2.0
0.6946246116607069,začínať:VERB,,0.5714285714285714,0.0,0.42857142857142855,-2.25,0.0,-2.3333333333333335
