probability,verb,prev_layer,subj_freq,obj_freq,iobj_freq,subj_avdist,obj_avdist,iobj_avdist
0.7912772265573574,darovať:VERB,,0.3333333333333333,0.3333333333333333,0.3333333333333333,1.0,-2.0,2.0
0.3003461500192157,obžrať:VERB,,0.25,0.5,0.25,4.0,-0.5,5.0
0.22160733648170963,považovať:VERB,,0.38095238095238093,0.5714285714285714,0.047619047619047616,1.75,-3.9545454545454546,4.0
