probability,verb,prev_layer,subj_freq,obj_freq,iobj_freq,subj_avdist,obj_avdist,iobj_avdist
0.12707918327503795,skúsiť:VERB,,0.0,0.25,0.75,0.0,1.0,-2.0
0.1733547151063608,utekať:VERB,,0.3333333333333333,0.0,0.6666666666666666,-1.0,0.0,-2.0
0.16289055135470498,zabudnúť:VERB,,0.0,0.6,0.4,0.0,1.3333333333333333,-3.0
0.1733547151063608,zaplatiť:VERB,,0.0,0.6666666666666666,0.3333333333333333,0.0,0.0,-2.0
0.14809471266739757,začínať:VERB,,0.5714285714285714,0.0,0.42857142857142855,-2.25,0.0,-2.3333333333333335
