probability,verb,prev_layer,subj_freq,obj_freq,iobj_freq,subj_avdist,obj_avdist,iobj_avdist
0.24281618002244817,dodávať:VERB,,0.2,0.6,0.2,1.0,2.0,1.0
0.890326026731683,vmietnuť:VERB,,0.0,0.5,0.5,0.0,3.0,1.0
0.890326026731683,vyjaviť:VERB,,0.0,0.5,0.5,0.0,3.0,1.0
0.1880754722150443,zašepkať:VERB,,0.0,0.8571428571428571,0.14285714285714285,0.0,5.333333333333333,1.0
0.890326026731683,zlomiť:VERB,,0.0,0.5,0.5,0.0,4.0,1.0
0.21604383121528978,zvierať:VERB,,0.2857142857142857,0.42857142857142855,0.2857142857142857,-1.0,2.0,1.0
