probability,verb,prev_layer,subj_freq,obj_freq,iobj_freq,subj_avdist,obj_avdist,iobj_avdist
0.35234789028655816,môcť:VERB,,0.2857142857142857,0.009216589861751152,0.7050691244239632,-2.8688524590163933,0.0,0.44463087248322153
0.10484576806641639,nachádzať:VERB,,0.7222222222222222,0.2777777777777778,0.0,-0.3076923076923077,0.0,0.0
