probability,verb,prev_layer,subj_freq,obj_freq,iobj_freq,subj_avdist,obj_avdist,iobj_avdist
0.17335471510636075,brániť:VERB,,0.3333333333333333,0.6666666666666666,0.0,-2.0,-0.5,0.0
0.17335471510636075,hrať:VERB,,0.3333333333333333,0.6666666666666666,0.0,-0.5,-0.25,0.0
0.17001671208414662,patriť:VERB,,0.6363636363636364,0.36363636363636365,0.0,-0.8571428571428571,-0.5,0.0
0.15555656604761814,predpokladať:VERB,,0.41666666666666663,0.5833333333333333,0.0,-4.0,-1.3333333333333335,0.0
0.17335471510636075,spájať:VERB,,0.3333333333333333,0.6666666666666666,0.0,-2.0,-1.5,0.0
0.38516656984203035,ukázať:VERB,,0.14285714285714285,0.42857142857142855,0.42857142857142855,-1.0,-1.0,0.0
0.17335471510636075,zmocňovať:VERB,,0.3333333333333333,0.6666666666666666,0.0,-2.0,-1.0,0.0
0.17335471510636075,získať:VERB,,0.3333333333333333,0.6666666666666666,0.0,-0.5,-0.5,0.0
