probability,verb,prev_layer,subj_freq,obj_freq,iobj_freq,subj_avdist,obj_avdist,iobj_avdist
0.30669635467272105,hovoriť:VERB,,0.3235294117647059,0.5294117647058824,0.14705882352941177,1.15,-0.38888888888888895,-1.0
0.2447194915672523,otočiť:VERB,,0.2,0.6,0.2,3.0,-1.0,-4.0
0.7912772265573574,poskytnúť:VERB,,0.3333333333333333,0.3333333333333333,0.3333333333333333,2.0,-1.0,-4.0
0.16085508954085923,potrebovať:VERB,,0.20833333333333334,0.7083333333333334,0.08333333333333333,2.4,-0.5294117647058824,-1.0
0.3225730609388729,predložiť:VERB,,0.3333333333333333,0.5,0.16666666666666666,1.5,-1.3333333333333333,-5.0
0.7912772265573574,sprostredkovávať:VERB,,0.3333333333333333,0.3333333333333333,0.3333333333333333,1.0,-2.0,-6.0
0.2528246252895362,vedieť:VERB,,0.25688073394495414,0.6055045871559633,0.13761467889908258,3.4074074074074074,-2.0616784630940344,-2.1333333333333333
0.44768448056237764,venovať:VERB,,0.3448275862068966,0.41379310344827586,0.2413793103448276,4.611111111111111,-0.16666666666666666,-2.4285714285714284
0.24985653478997552,želať:VERB,,0.1875,0.625,0.1875,0.6666666666666666,-1.1111111111111112,-1.5
