probability,verb,prev_layer,subj_freq,obj_freq,iobj_freq,subj_avdist,obj_avdist,iobj_avdist
0.16379814319885425,vrátiť:VERB,,0.3125,0.4375,0.25,3.0,0.2857142857142857,0.5
0.890326026731683,vystreliť:VERB,,0.0,0.5,0.5,0.0,1.0,2.0
0.4081187240344978,zopakovať:VERB,,0.0,0.6666666666666666,0.3333333333333333,0.0,0.5,1.0
