probability,verb,prev_layer,subj_freq,obj_freq,iobj_freq,subj_avdist,obj_avdist,iobj_avdist
0.17335471510636075,dopustiť:VERB,,0.3333333333333333,0.6666666666666666,0.0,-1.0,0.0,0.0
0.18969111252004045,môcť:VERB,,0.2857142857142857,0.009216589861751152,0.7050691244239632,-2.8688524590163933,0.0,0.44463087248322153
0.1883295986552849,nachádzať:VERB,,0.7222222222222222,0.2777777777777778,0.0,-0.3076923076923077,0.0,0.0
0.16289055135470495,určovať:VERB,,0.6000000000000001,0.4,0.0,-0.5,0.0,0.0
0.17335471510636075,zmeniť:VERB,,0.6666666666666666,0.3333333333333333,0.0,-0.16666666666666669,0.0,0.0
0.1733547151063608,zopakovať:VERB,,0.0,0.6666666666666666,0.3333333333333333,0.0,0.5,1.0
