probability,verb,prev_layer,subj_freq,obj_freq,iobj_freq,subj_avdist,obj_avdist,iobj_avdist
0.1733547151063608,naučiť:VERB,,0.0,0.6666666666666666,0.3333333333333333,0.0,-1.5,-1.0
0.1183090246795152,poprosiť:VERB,,0.0,0.46153846153846156,0.5384615384615385,0.0,-3.4,-2.5
0.1733547151063608,priniesť:VERB,,0.0,0.6666666666666666,0.3333333333333333,0.0,-2.0,-0.5
0.1733547151063608,sľubovať:VERB,,0.0,0.6666666666666666,0.3333333333333333,0.0,-2.5,-1.0
0.4601311187185013,umožňovať:VERB,,0.42857142857142855,0.2857142857142857,0.2857142857142857,0.0,-1.0,-1.0
