probability,verb,prev_layer,subj_freq,obj_freq,iobj_freq,subj_avdist,obj_avdist,iobj_avdist
0.24471949156725226,mieniť:VERB,,0.2,0.2,0.6,-2.0,7.0,-1.3333333333333333
0.17340532433852707,vravieť:VERB,,0.17391304347826086,0.6956521739130435,0.13043478260869565,-0.75,0.5,-0.6666666666666666
