probability,verb,prev_layer,subj_freq,obj_freq,iobj_freq,subj_avdist,obj_avdist,iobj_avdist
0.24282163619323033,chcieť:VERB,,0.11711711711711711,0.1981981981981982,0.6846846846846847,1.7692307692307692,-1.209401709401709,0.03378378378378377
0.3823431240889614,snažiť:VERB,,0.3157894736842105,0.0,0.6842105263157894,3.0,0.0,0.7916666666666666
