probability,verb,prev_layer,subj_freq,obj_freq,iobj_freq,subj_avdist,obj_avdist,iobj_avdist
0.1255441306094409,accomplish:VERB,,0.5454545454545454,0.45454545454545453,0.0,4.5,0.4,0.0
0.16289055135470498,admire:VERB,,0.6,0.4,0.0,1.5,1.0,0.0
0.17335471510636075,annex:VERB,,0.6666666666666666,0.3333333333333333,0.0,9.25,2.0,0.0
0.18522117525734041,devote:VERB,,0.7142857142857142,0.2857142857142857,0.0,3.083333333333333,1.5,0.0
0.17335471510636075,download:VERB,,0.6666666666666666,0.3333333333333333,0.0,2.5,1.0,0.0
0.12707918327503803,shape:VERB,,0.25,0.75,0.0,1.0,0.6666666666666666,0.0
0.17335471510636075,spew:VERB,,0.3333333333333333,0.6666666666666666,0.0,3.0,1.5,0.0
0.16289055135470495,suit:VERB,,0.6000000000000001,0.4,0.0,5.0,1.5,0.0
0.17335471510636075,transport:VERB,,0.6666666666666666,0.3333333333333333,0.0,2.5,0.5,0.0
