probability,verb,prev_layer,subj_freq,obj_freq,iobj_freq,subj_avdist,obj_avdist,iobj_avdist
0.890326026731683,absolve:VERB,,0.0,0.5,0.5,0.0,-1.0,-5.0
0.890326026731683,color:VERB,,0.0,0.5,0.5,0.0,-1.0,-2.0
0.10901762218681456,contact:VERB,,0.27906976744186046,0.6976744186046512,0.023255813953488372,3.0,-1.8333333333333333,-5.0
0.47664952898332785,let:VERB,,0.12941176470588234,0.4568627450980392,0.4137254901960784,2.8763440860215055,-1.7697222222222222,-2.1357142857142857
