probability,verb,prev_layer,subj_freq,obj_freq,iobj_freq,subj_avdist,obj_avdist,iobj_avdist
0.12189628652875348,assume:VERB,,0.5094339622641509,0.4716981132075472,0.018867924528301886,-1.2307692307692308,-2.232142857142857,-3.0
0.1784889650174343,think:VERB,,0.5226244343891402,0.44004524886877827,0.03733031674208145,-0.018670023075309405,-1.5867606412382531,-3.5757575757575757
