probability,verb,prev_layer,subj_freq,obj_freq,iobj_freq,subj_avdist,obj_avdist,iobj_avdist
0.1586077206390183,appear:VERB,,0.7008547008547008,0.05128205128205128,0.24786324786324787,-0.5801282051282051,-6.8,-2.4482758620689653
0.8243804008270036,assume:VERB,,0.5094339622641509,0.4716981132075472,0.018867924528301886,-1.2307692307692308,-2.232142857142857,-3.0
0.24086804781060792,attach:VERB,,0.8333333333333334,0.16666666666666666,0.0,-1.0489510489510492,-2.7,0.0
0.1978374018205271,be:VERB,,0.8202357563850688,0.14390962671905697,0.03585461689587426,-0.7565124432077222,-2.9920863309352517,-2.3698630136986303
0.708500696217144,follow:VERB,,0.5675675675675675,0.43243243243243246,0.0,-0.8217948717948717,-2.3125,0.0
0.7276773471044291,think:VERB,,0.5226244343891402,0.44004524886877827,0.03733031674208145,-0.018670023075309405,-1.5867606412382531,-3.5757575757575757
