probability,verb,prev_layer,subj_freq,obj_freq,iobj_freq,subj_avdist,obj_avdist,iobj_avdist
0.24116342193906073,growl:VERB,,0.5,0.25,0.25,-1.0,2.0,3.0
0.40811872403449767,roar:VERB,,0.6666666666666666,0.3333333333333333,0.0,-0.5,2.0,0.0
0.40811872403449767,sigh:VERB,,0.6666666666666666,0.3333333333333333,0.0,-0.5,2.0,0.0
