probability,verb,prev_layer,subj_freq,obj_freq,iobj_freq,subj_avdist,obj_avdist,iobj_avdist
0.22130241551810617,appear:VERB,,0.7008547008547008,0.05128205128205128,0.24786324786324787,-0.5801282051282051,-6.8,-2.4482758620689653
0.18324216229948936,seem:VERB,,0.47750000000000004,0.049999999999999996,0.4725,-1.3934426229508197,-3.138888888888889,-2.3703703703703702
