probability,verb,prev_layer,subj_freq,obj_freq,iobj_freq,subj_avdist,obj_avdist,iobj_avdist
0.15600405331350808,apologize:VERB,,0.7777777777777778,0.1111111111111111,0.1111111111111111,1.0,-6.0,6.0
0.1156606611551311,interrupt:VERB,,0.6000000000000001,0.3,0.1,1.75,-1.0,3.0
0.890326026731683,it:VERB,,0.5,0.0,0.5,1.0,0.0,3.0
0.890326026731683,mumble:VERB,,0.5,0.0,0.5,1.0,0.0,4.5
