probability,verb,prev_layer,subj_freq,obj_freq,iobj_freq,subj_avdist,obj_avdist,iobj_avdist
0.1297980368048926,blow:VERB,,0.7419354838709677,0.25806451612903225,0.0,5.333333333333333,-1.875,0.0
0.10484576806641639,climb:VERB,,0.7222222222222222,0.2777777777777778,0.0,1.5384615384615385,-4.0,0.0
0.11648461437374173,display:VERB,,0.7317073170731707,0.2682926829268293,0.0,2.9365079365079367,-2.4545454545454546,0.0
0.11095468521639291,divide:VERB,,0.7272727272727273,0.2727272727272727,0.0,2.125,-1.6666666666666667,0.0
0.2738631802998257,entitle:VERB,,0.8181818181818182,0.0,0.18181818181818182,2.4444444444444446,0.0,0.0
0.11095468521639291,gather:VERB,,0.7272727272727273,0.2727272727272727,0.0,3.0833333333333335,-1.3333333333333333,0.0
0.11095468521639291,interpret:VERB,,0.7272727272727273,0.2727272727272727,0.0,3.625,-2.0,0.0
