probability,verb,prev_layer,subj_freq,obj_freq,iobj_freq,subj_avdist,obj_avdist,iobj_avdist
0.9624989984449874,bind:VERB,,0.0,0.0,1.0,0.0,0.0,-2.0
0.35806062347240564,compel:VERB,,0.3333333333333333,0.0,0.6666666666666666,3.0,0.0,-2.0
0.9624989984449874,condense:VERB,,0.0,0.0,1.0,0.0,0.0,-2.0
0.9624989984449874,designed:VERB,,0.0,0.0,1.0,0.0,0.0,-2.0
0.9624989984449874,hav:VERB,,0.0,0.0,1.0,0.0,0.0,-2.0
0.3613918240933411,hesitate:VERB,,0.29411764705882354,0.0,0.7058823529411765,2.8,0.0,-2.0
0.9624989984449874,position:VERB,,0.0,0.0,1.0,0.0,0.0,-5.0
0.5294539286178264,render:VERB,,0.125,0.125,0.75,8.0,-3.0,-2.0
0.9624989984449874,willing:VERB,,0.0,0.0,1.0,0.0,0.0,-2.0
