probability,verb,prev_layer,subj_freq,obj_freq,iobj_freq,subj_avdist,obj_avdist,iobj_avdist
0.3225730609388729,caution:VERB,,0.5,0.3333333333333333,0.16666666666666666,1.0,4.0,-5.0
0.7912772265573574,divine:VERB,,0.3333333333333333,0.3333333333333333,0.3333333333333333,1.0,2.0,-3.0
0.2332679012691489,quote:VERB,,0.5294117647058824,0.4117647058823529,0.058823529411764705,3.3,16.03846153846154,-1.0
