probability,verb,prev_layer,subj_freq,obj_freq,iobj_freq,subj_avdist,obj_avdist,iobj_avdist
0.21891386641657615,pressure:VERB,,0.0,0.6,0.4,0.0,0.0,-3.0
0.3580606234724055,script:VERB,,0.3333333333333333,0.6666666666666666,0.0,2.0,4.0,0.0
0.42330522362542855,shape:VERB,,0.25,0.75,0.0,1.0,0.6666666666666666,0.0
0.3580606234724055,spew:VERB,,0.3333333333333333,0.6666666666666666,0.0,3.0,1.5,0.0
