probability,verb,prev_layer,subj_freq,obj_freq,iobj_freq,subj_avdist,obj_avdist,iobj_avdist
0.17487287849021774,convince:VERB,,0.30434782608695654,0.4782608695652174,0.21739130434782608,1.7142857142857142,-5.875,-4.2
0.1803150235914581,feed:VERB,,0.3,0.48,0.22,1.4666666666666666,-1.4583333333333333,-1.1818181818181819
0.18034260662645799,render:VERB,,0.125,0.125,0.75,8.0,-3.0,-2.0
