probability,verb,prev_layer,subj_freq,obj_freq,iobj_freq,subj_avdist,obj_avdist,iobj_avdist
0.18522117525734036,cry:VERB,,0.7142857142857143,0.2857142857142857,0.0,1.1,3.6666666666666665,0.0
0.17335471510636075,howl:VERB,,0.6666666666666666,0.3333333333333333,0.0,1.5,2.0,0.0
0.12707918327503803,intercept:VERB,,0.75,0.25,0.0,1.5,4.0,0.0
0.17335471510636075,script:VERB,,0.3333333333333333,0.6666666666666666,0.0,2.0,4.0,0.0
0.18522117525734036,wrote:VERB,,0.7142857142857143,0.2857142857142857,0.0,1.1,1.25,0.0
