probability,verb,prev_layer,subj_freq,obj_freq,iobj_freq,subj_avdist,obj_avdist,iobj_avdist
0.14392857516309682,داد#ده:VERB,,0.4827586206896552,0.48275862068965514,0.034482758620689655,9.692307692307693,0.3787878787878789,3.0
0.3003461500192157,دانست#دان:VERB,,0.25,0.5,0.25,5.5,0.0,2.0
