probability,verb,prev_layer,subj_freq,obj_freq,iobj_freq,subj_avdist,obj_avdist,iobj_avdist
0.16862050621825578,آمد#آ:VERB,,0.625,0.375,0.0,10.4,1.25,0.0
0.17335471510636075,بخشید#بخش:VERB,,0.3333333333333333,0.6666666666666666,0.0,16.0,1.0,0.0
0.15100505758148797,بود#باش:VERB,,0.7142857142857143,0.14285714285714285,0.14285714285714285,11.4,11.0,8.0
0.7912772265573574,ساخت#ساز:VERB,,0.3333333333333333,0.3333333333333333,0.3333333333333333,16.0,6.0,2.0
0.17335471510636075,نمود#نما:VERB,,0.3333333333333333,0.6666666666666666,0.0,10.5,5.5,0.0
