probability,verb,prev_layer,subj_freq,obj_freq,iobj_freq,subj_avdist,obj_avdist,iobj_avdist
0.20595402894863316,بود#باش:VERB,,0.7142857142857143,0.14285714285714285,0.14285714285714285,11.4,11.0,8.0
0.27456296861471924,رفت#رو:VERB,,0.625,0.125,0.25,8.0,-18.0,5.5
0.890326026731683,گشت#گرد:VERB,,0.5,0.0,0.5,6.0,0.0,3.0
