probability,verb,prev_layer,subj_freq,obj_freq,iobj_freq,subj_avdist,obj_avdist,iobj_avdist
0.12707918327503803,bevelen:VERB,,0.25,0.75,0.0,-1.0,-3.5,0.0
0.14809471266739757,emmen:VERB,,0.5714285714285714,0.42857142857142855,0.0,0.0,-1.6666666666666667,0.0
0.17335471510636075,fusioneren:VERB,,0.6666666666666666,0.3333333333333333,0.0,-1.0,-3.0,0.0
0.12707918327503803,overheersen:VERB,,0.75,0.25,0.0,-0.3333333333333333,-4.0,0.0
0.17335471510636075,spannen:VERB,,0.6666666666666666,0.3333333333333333,0.0,-2.0,-4.0,0.0
0.17335471510636075,strelen:VERB,,0.6666666666666666,0.3333333333333333,0.0,-0.5,-11.0,0.0
0.20507694104283963,voorkomen:VERB,,0.6071428571428571,0.3571428571428571,0.03571428571428571,-1.3846153846153848,-1.9583333333333333,1.0
0.16289055135470498,vullen:VERB,,0.4,0.6,0.0,-2.0,-8.0,0.0
