probability,verb,prev_layer,subj_freq,obj_freq,iobj_freq,subj_avdist,obj_avdist,iobj_avdist
0.24603397025192708,vallen:VERB,,0.6358695652173914,0.24456521739130435,0.11956521739130435,-5.248701298701299,-1.545112781954887,-1.9833333333333334
