probability,verb,prev_layer,subj_freq,obj_freq,iobj_freq,subj_avdist,obj_avdist,iobj_avdist
0.11540089503895919,staan:VERB,,0.745635910224439,0.09725685785536159,0.1571072319201995,-2.741071428571429,-1.134259259259259,-1.0931818181818183
