probability,verb,prev_layer,subj_freq,obj_freq,iobj_freq,subj_avdist,obj_avdist,iobj_avdist
0.2523054054114255,afspreken:VERB,,0.6,0.1,0.3,4.2,8.0,-11.333333333333334
0.2690810467520588,inrichten:VERB,,0.5714285714285714,0.14285714285714285,0.2857142857142857,1.8333333333333333,3.0,-4.0
0.7912772265573574,overhalen:VERB,,0.3333333333333333,0.3333333333333333,0.3333333333333333,3.0,5.0,-7.0
0.3225730609388729,pretenderen:VERB,,0.5,0.16666666666666666,0.3333333333333333,0.3333333333333333,1.0,-2.5
0.38518702556790485,rapporteren:VERB,,0.4,0.4,0.2,1.5,3.0,-4.0
0.20551557626057718,splitsen:VERB,,0.6666666666666666,0.16666666666666666,0.16666666666666666,1.0,4.0,-8.0
0.23953857260332428,toevoegen:VERB,,0.7142857142857142,0.21428571428571427,0.07142857142857142,6.208333333333334,6.333333333333333,-6.0
