probability,verb,prev_layer,subj_freq,obj_freq,iobj_freq,subj_avdist,obj_avdist,iobj_avdist
0.17335471510636075,klinken:VERB,,0.6666666666666666,0.0,0.33333333333333337,1.1875,0.0,3.428571428571429
0.2103228900779993,overnemen:VERB,,0.6000000000000001,0.36,0.04,7.85,6.444444444444445,23.0
0.21745390655175226,schuiven:VERB,,0.5909090909090908,0.36363636363636365,0.045454545454545456,6.683333333333334,0.875,10.0
0.38518702556790485,toedienen:VERB,,0.4,0.4,0.2,6.0,1.0,6.0
0.3601608294733432,uitleggen:VERB,,0.46153846153846156,0.23076923076923078,0.3076923076923077,4.375,2.5,5.166666666666667
0.3225730609388729,voorschrijven:VERB,,0.5,0.3333333333333333,0.16666666666666666,7.25,2.5,9.0
