probability,verb,prev_layer,subj_freq,obj_freq,iobj_freq,subj_avdist,obj_avdist,iobj_avdist
0.890326026731683,betrachten:VERB,,0.5,0.0,0.5,-1.0,0.0,-6.0
0.3100874183533857,bijten:VERB,,0.8,0.0,0.2,-0.25,0.0,-14.0
0.35606591543940824,heten:VERB,,0.7142857142857142,0.0,0.2857142857142857,-3.0,0.0,-4.5
0.14971359413743068,kunnen:VERB,,0.6601941747572816,0.2621359223300971,0.07766990291262135,-0.8582089552238805,1.1481481481481481,-1.25
0.6423009026929932,schijnen:VERB,,0.5,0.07142857142857142,0.42857142857142855,-4.625,-7.5,-5.416666666666667
0.1351763580465245,streven:VERB,,0.7999999999999999,0.1,0.1,-2.7857142857142856,-4.0,-7.0
0.5488800509412871,willen:VERB,,0.5069182389937107,0.09056603773584906,0.4025157232704403,-1.8706467661691542,-3.4230769230769234,-3.203125
0.24116342193906073,zwaaien:VERB,,0.5,0.25,0.25,-1.0,-3.0,-2.0
