probability,verb,prev_layer,subj_freq,obj_freq,iobj_freq,subj_avdist,obj_avdist,iobj_avdist
0.18522117525734041,afschrikken:VERB,,0.7142857142857142,0.2857142857142857,0.0,-0.6666666666666666,7.0,0.0
0.14809471266739757,beklagen:VERB,,0.5714285714285714,0.42857142857142855,0.0,-0.5,5.333333333333333,0.0
0.17335471510636075,erven:VERB,,0.3333333333333333,0.6666666666666666,0.0,-1.0,1.5,0.0
0.16289055135470498,illustreren:VERB,,0.4,0.6,0.0,0.0,0.6666666666666666,0.0
0.14809471266739757,inhouden:VERB,,0.5714285714285714,0.42857142857142855,0.0,-1.3333333333333333,2.6666666666666665,0.0
0.17335471510636075,schorten:VERB,,0.6666666666666666,0.3333333333333333,0.0,-0.5,3.0,0.0
0.12707918327503803,typen:VERB,,0.75,0.25,0.0,-0.6666666666666666,2.0,0.0
0.18522117525734041,uitsluiten:VERB,,0.7142857142857142,0.2857142857142857,0.0,-1.111111111111111,5.5,0.0
