probability,verb,prev_layer,subj_freq,obj_freq,iobj_freq,subj_avdist,obj_avdist,iobj_avdist
0.9624989984449874,bekendstaan:VERB,,0.0,0.0,1.0,0.0,0.0,-4.0
0.35806062347240564,beletten:VERB,,0.3333333333333333,0.0,0.6666666666666666,2.0,0.0,-2.5
0.9624989984449874,dat_zijn:VERB,,0.0,0.0,1.0,0.0,0.0,-4.0
0.4233052236254286,dunken:VERB,,0.25,0.0,0.75,-6.0,0.0,-0.3333333333333333
0.9624989984449874,instrueren:VERB,,0.0,0.0,1.0,0.0,0.0,-1.0
0.9624989984449874,smeken:VERB,,0.0,0.0,1.0,0.0,0.0,-5.0
0.13317046092234086,verwijten:VERB,,0.33333333333333337,0.2,0.4666666666666667,3.6666666666666665,-6.25,-6.0
0.24733956320409467,verzoeken:VERB,,0.32,0.12,0.56,3.0,-4.333333333333333,-5.142857142857142
