probability,verb,prev_layer,subj_freq,obj_freq,iobj_freq,subj_avdist,obj_avdist,iobj_avdist
0.3247049613479957,dienen:VERB,,0.5068493150684932,0.1095890410958904,0.3835616438356164,-3.8194444444444446,-4.0,-3.6785714285714284
0.18089486474981795,lijken:VERB,,0.5901639344262295,0.01639344262295082,0.39344262295081966,-2.9,-4.0,-2.725
0.3852006407761661,zien:VERB,,0.44291338582677164,0.40551181102362205,0.1515748031496063,-0.8970990695128629,-3.2554738132772814,-0.5
