probability,verb,prev_layer,subj_freq,obj_freq,iobj_freq,subj_avdist,obj_avdist,iobj_avdist
0.890326026731683,behagen:VERB,,0.5,0.0,0.5,-3.0,0.0,1.0
0.3502573264097273,kosten:VERB,,0.7272727272727273,0.0,0.2727272727272727,-0.6912225705329154,0.0,0.6
