probability,verb,prev_layer,subj_freq,obj_freq,iobj_freq,subj_avdist,obj_avdist,iobj_avdist
0.4601311187185013,berokkenen:VERB,,0.42857142857142855,0.2857142857142857,0.2857142857142857,1.25,-1.5,2.5
0.10688891498338518,leveren:VERB,,0.49122807017543857,0.49122807017543857,0.017543859649122806,3.3269230769230766,-0.6428571428571429,11.0
0.17693182441237065,verliezen:VERB,,0.6132075471698113,0.3773584905660377,0.009433962264150943,2.064516129032258,-5.961538461538462,3.0
