probability,verb,prev_layer,subj_freq,obj_freq,iobj_freq,subj_avdist,obj_avdist,iobj_avdist
0.40811872403449767,lijden:VERB,,0.6666666666666667,0.3333333333333333,0.0,-2.9555555555555557,-1.1875,0.0
0.21031627584570955,lopen:VERB,,0.8166666666666667,0.15,0.03333333333333333,-5.092783505154639,-4.055555555555555,-1.6666666666666667
0.1444373040112987,staan:VERB,,0.745635910224439,0.09725685785536159,0.1571072319201995,-2.741071428571429,-1.134259259259259,-1.0931818181818183
0.2756860539242116,vallen:VERB,,0.6358695652173914,0.24456521739130435,0.11956521739130435,-5.248701298701299,-1.545112781954887,-1.9833333333333334
