probability,verb,prev_layer,subj_freq,obj_freq,iobj_freq,subj_avdist,obj_avdist,iobj_avdist
0.1852211752573404,heten:VERB,,0.7142857142857142,0.0,0.2857142857142857,-3.0,0.0,-4.5
0.22992093503500527,kunnen:VERB,,0.6601941747572816,0.2621359223300971,0.07766990291262135,-0.8582089552238805,1.1481481481481481,-1.25
