probability,verb,prev_layer,subj_freq,obj_freq,iobj_freq,subj_avdist,obj_avdist,iobj_avdist
0.12707918327503795,dunken:VERB,,0.25,0.0,0.75,-6.0,0.0,-0.3333333333333333
0.1883295986552849,gelden:VERB,,0.7222222222222222,0.0,0.2777777777777778,-5.5625,0.0,-4.023809523809524
0.1767548575470879,lukken:VERB,,0.6857142857142857,0.0,0.3142857142857143,-3.55,0.0,-0.45454545454545453
0.2527916027536551,wensen:VERB,,0.6,0.15,0.25,-5.277777777777778,0.0,-3.5
