probability,verb,prev_layer,subj_freq,obj_freq,iobj_freq,subj_avdist,obj_avdist,iobj_avdist
0.13619789181324973,duwen:VERB,,0.3333333333333333,0.4444444444444444,0.2222222222222222,6.75,4.5,5.0
0.890326026731683,veroorloven:VERB,,0.0,0.5,0.5,0.0,7.0,17.0
