probability,verb,prev_layer,subj_freq,obj_freq,iobj_freq,subj_avdist,obj_avdist,iobj_avdist
0.1544754500777783,hebben:VERB,,0.485524728588661,0.4758745476477684,0.038600723763570564,-1.4978206724782068,-5.680763609791742,-3.203125
0.2514362425941356,schijnen:VERB,,0.5,0.07142857142857142,0.42857142857142855,-4.625,-7.5,-5.416666666666667
0.29616481166896397,willen:VERB,,0.5069182389937107,0.09056603773584906,0.4025157232704403,-1.8706467661691542,-3.4230769230769234,-3.203125
0.3003461500192157,zwaaien:VERB,,0.5,0.25,0.25,-1.0,-3.0,-2.0
