probability,verb,prev_layer,subj_freq,obj_freq,iobj_freq,subj_avdist,obj_avdist,iobj_avdist
0.24651619328518756,λανθάνω:VERB,,0.3375,0.5875,0.075,-4.134615384615385,-2.0166666666666666,-1.3333333333333333
0.38518702556790485,ἀντεῖπον:VERB,,0.2,0.4,0.4,-8.0,-2.0,-1.0
0.7912772265573574,ἀντιστρατοπεδεύω:VERB,,0.3333333333333333,0.3333333333333333,0.3333333333333333,-4.0,-1.0,-1.0
0.29048673953937854,ἐρῶ:VERB,,0.32142857142857145,0.5089285714285714,0.16964285714285715,-5.385714285714286,-1.3972222222222221,-0.6944444444444444
0.7912772265573574,ἐφευρίσκω:VERB,,0.3333333333333333,0.3333333333333333,0.3333333333333333,-6.0,-1.0,-1.0
