probability,verb,prev_layer,subj_freq,obj_freq,iobj_freq,subj_avdist,obj_avdist,iobj_avdist
0.7912772265573574,διατεκμαίρομαι:VERB,,0.3333333333333333,0.3333333333333333,0.3333333333333333,1.0,4.0,2.0
0.2690810467520588,εἰκάζω:VERB,,0.2857142857142857,0.5714285714285714,0.14285714285714285,2.5,3.8333333333333335,3.0
0.3808536451112582,παράκειμαι:VERB,,0.4444444444444444,0.2222222222222222,0.3333333333333333,0.5,1.5,1.3333333333333333
0.2528890103981491,ἀέξω:VERB,,0.5833333333333334,0.25,0.16666666666666666,1.5714285714285714,2.6666666666666665,2.0
0.2507392217430374,ἐξανίστημι:VERB,,0.3571428571428571,0.5714285714285714,0.07142857142857142,0.5,2.25,1.0
0.38518702556790485,ἐπιθέω:VERB,,0.4,0.4,0.2,2.0,5.5,2.0
0.3819209302854124,ἐπιτελέω:VERB,,0.39999999999999997,0.43333333333333335,0.16666666666666666,1.4,1.6923076923076923,1.625
0.2596619342296834,ἔπειμι:VERB,,0.5555555555555556,0.37037037037037035,0.07407407407407407,0.6153846153846154,2.2,2.0
