probability,verb,prev_layer,subj_freq,obj_freq,iobj_freq,subj_avdist,obj_avdist,iobj_avdist
0.3511754805788754,γνωρίζω:VERB,,0.17647058823529413,0.4411764705882353,0.38235294117647056,-2.8333333333333335,-6.693181818181818,-1.3076923076923077
0.3221170777081099,δοκέω:VERB,,0.25481798715203424,0.25910064239828695,0.4860813704496788,-1.1199999999999999,-2.378662244333886,-1.0829755089058524
0.22620225612560513,κλύω:VERB,,0.3333333333333333,0.607843137254902,0.058823529411764705,-1.411764705882353,-2.3,-1.0
0.31647309191152745,πειράω:VERB,,0.3333333333333333,0.1839080459770115,0.4827586206896552,-1.1111111111111112,-1.4583333333333333,-0.8223684210526315
0.28684734689696045,συμπίπτω:VERB,,0.3333333333333333,0.1111111111111111,0.5555555555555556,-0.3333333333333333,-7.0,-0.08333333333333326
0.3923263335522065,ἁνδάνω:VERB,,0.25806451612903225,0.29032258064516125,0.45161290322580644,-1.0,-1.125,-1.0
0.22677117915727232,ἐξίστημι:VERB,,0.6428571428571429,0.2857142857142857,0.07142857142857142,-2.3333333333333335,-10.5,-1.0
0.235359706134762,ἐπισκέπτομαι:VERB,,0.23076923076923078,0.6923076923076923,0.07692307692307693,-1.0,-7.285714285714286,-1.0
