probability,verb,prev_layer,subj_freq,obj_freq,iobj_freq,subj_avdist,obj_avdist,iobj_avdist
0.25010740107213764,αἰσθάνομαι:VERB,,0.1,0.7,0.2,-7.0,-3.75,-5.0
0.24805940936776016,χρίω:VERB,,0.25,0.625,0.125,-4.0,-0.2,-2.0
0.2690810467520588,ἀπολήγω:VERB,,0.14285714285714285,0.5714285714285714,0.2857142857142857,-3.0,-1.0,-2.0
0.2447194915672523,ἐλεαίρω:VERB,,0.2,0.6,0.2,-2.0,-0.3333333333333333,-1.0
0.2447194915672523,ἐπιποθέω:VERB,,0.2,0.6,0.2,-2.0,-1.3333333333333333,-2.0
0.3003461500192157,ῥάπτω:VERB,,0.25,0.5,0.25,-2.0,-1.0,-2.0
