probability,verb,prev_layer,subj_freq,obj_freq,iobj_freq,subj_avdist,obj_avdist,iobj_avdist
0.10849982966866378,aldatu:VERB,,0.47058823529411764,0.5294117647058824,0.0,-4.066666666666666,1.9444444444444444,0.0
0.12233197418193198,behar_izan:VERB,,0.2153846153846154,0.038461538461538464,0.7461538461538462,-1.037037037037037,2.0,1.5260416666666665
0.27616328122199063,egin:VERB,,0.4123006833712984,0.5068337129840547,0.08086560364464693,-0.5711610486891388,1.0764044943820226,0.02058823529411765
0.35699595269916506,eragin:VERB,,0.4477611940298507,0.43283582089552236,0.11940298507462685,-1.5344827586206895,1.0344827586206897,0.43333333333333335
0.17335471510636075,erre:VERB,,0.3333333333333333,0.6666666666666666,0.0,-2.5,0.75,0.0
0.17335471510636075,ondorioztatu:VERB,,0.6666666666666666,0.3333333333333333,0.0,-3.5,1.5,0.0
0.16289055135470498,pilatu:VERB,,0.6,0.4,0.0,-1.0,1.5,0.0
0.17335471510636075,seinalatu:VERB,,0.3333333333333333,0.6666666666666666,0.0,-2.0,1.5,0.0
0.16289055135470498,txalotu:VERB,,0.6,0.4,0.0,-1.3333333333333333,1.0,0.0
