probability,verb,prev_layer,subj_freq,obj_freq,iobj_freq,subj_avdist,obj_avdist,iobj_avdist
0.40811872403449767,bahitu:VERB,,0.3333333333333333,0.6666666666666666,0.0,-2.0,-1.0,0.0
0.5069377044474382,frogatu:VERB,,0.375,0.625,0.0,-2.75,-1.6666666666666665,0.0
0.590078294262375,laburbildu:VERB,,0.4,0.6,0.0,-2.0,-0.6666666666666666,0.0
0.8903260267316832,nahastekatu:VERB,,0.5,0.5,0.0,-2.0,-1.0,0.0
0.3489957567317535,pentsatu:VERB,,0.3,0.65,0.05,-3.9444444444444446,-1.7083333333333335,-1.0
