probability,verb,prev_layer,subj_freq,obj_freq,iobj_freq,subj_avdist,obj_avdist,iobj_avdist
0.890326026731683,adostu:VERB,,0.5,0.0,0.5,-3.0,0.0,1.0
0.10010847368487323,atera:VERB,,0.44086021505376344,0.3763440860215054,0.1827956989247312,-1.45,-4.617647058823529,0.7272727272727273
0.3293443375023857,behar_izan:VERB,,0.2153846153846154,0.038461538461538464,0.7461538461538462,-1.037037037037037,2.0,1.5260416666666665
0.1736082315703582,bukatu:VERB,,0.6,0.26666666666666666,0.13333333333333333,-0.6666666666666666,-1.25,1.0
0.22735196805067528,ikertu:VERB,,0.6666666666666666,0.16666666666666666,0.16666666666666666,0.0,2.0,5.0
0.1766446769348928,iruditu:VERB,,0.3529411764705882,0.29411764705882354,0.3529411764705882,-1.9375,-1.4583333333333333,1.4375
0.3358128480146962,kostatu:VERB,,0.4444444444444444,0.2222222222222222,0.3333333333333333,-0.16666666666666674,1.0,1.25
0.4081187240344978,tokatu:VERB,,0.6666666666666666,0.0,0.3333333333333333,-1.0,0.0,1.0
