probability,verb,prev_layer,subj_freq,obj_freq,iobj_freq,subj_avdist,obj_avdist,iobj_avdist
0.4081187240344978,ahantzi:VERB,,0.0,0.6666666666666666,0.3333333333333333,0.0,-1.5,4.0
0.23763271794802684,ahaztu:VERB,,0.2222222222222222,0.5555555555555556,0.2222222222222222,3.5,-3.125,1.5
0.14905859151327508,aurkitu:VERB,,0.27906976744186046,0.6046511627906977,0.11627906976744186,4.416666666666667,-3.32,2.375
0.17191732605313548,eman:VERB,,0.30679156908665106,0.4754098360655738,0.2177985948477752,1.9675196850393701,-0.6025252525252527,0.11363636363636365
0.24116342193906073,gehitu:VERB,,0.25,0.5,0.25,7.0,-0.6000000000000001,2.0
0.11095468521639291,nabaritu:VERB,,0.2727272727272727,0.7272727272727273,0.0,2.6666666666666665,-0.6666666666666666,0.0
0.12846690947268397,planteatu:VERB,,0.3333333333333333,0.5,0.16666666666666666,6.0,-0.5,10.0
0.14464691904416405,sentitu:VERB,,0.3076923076923077,0.5384615384615385,0.15384615384615385,3.375,-0.6,1.0
