probability,verb,prev_layer,subj_freq,obj_freq,iobj_freq,subj_avdist,obj_avdist,iobj_avdist
0.7912772265573574,ahantzaraz:VERB,,0.3333333333333333,0.3333333333333333,0.3333333333333333,3.0,-9.0,-3.0
0.1059379190925849,gelditu:VERB,,0.7575757575757576,0.18181818181818182,0.06060606060606061,1.64,-4.8,-0.5
0.29483355838167613,izan:VERB,,0.534037558685446,0.3098591549295775,0.1561032863849765,0.1763392857142856,-2.876425855513308,-0.446969696969697
0.3604163077031806,luzatu:VERB,,0.40625,0.46875,0.125,3.230769230769231,-1.0,-0.75
