probability,verb,prev_layer,subj_freq,obj_freq,iobj_freq,subj_avdist,obj_avdist,iobj_avdist
0.22756039773632883,berretsi:VERB,,0.4375,0.5,0.0625,0.7142857142857143,-3.6666666666666665,1.0
0.38516656984203024,irentsi:VERB,,0.42857142857142855,0.42857142857142855,0.14285714285714285,0.6666666666666666,-0.3333333333333333,5.0
0.1805496836305101,kritikatu:VERB,,0.5,0.45454545454545453,0.045454545454545456,1.5454545454545454,-2.3,2.0
0.3003461500192157,marraztu:VERB,,0.5,0.25,0.25,1.5,-7.0,4.0
0.24295252986528867,mugitu:VERB,,0.5625,0.375,0.0625,0.8888888888888888,-0.3333333333333333,5.0
0.3225730609388729,planteatu:VERB,,0.3333333333333333,0.5,0.16666666666666666,6.0,-0.5,10.0
0.22760390543730427,ulertu:VERB,,0.3684210526315789,0.5789473684210527,0.05263157894736842,2.0,-3.4285714285714284,3.0
