probability,verb,prev_layer,subj_freq,obj_freq,iobj_freq,subj_avdist,obj_avdist,iobj_avdist
0.3225730609388729,gogoraraz:VERB,,0.3333333333333333,0.5,0.16666666666666666,-0.5,-1.25,-2.0
0.3225730609388729,gomendatu:VERB,,0.3333333333333333,0.16666666666666666,0.5,0.0,-2.0,-4.5
0.23188946518547668,ikusi:VERB,,0.25925925925925924,0.6592592592592592,0.08148148148148147,-0.8712121212121211,-1.1015807962529274,-1.9
