probability,verb,prev_layer,subj_freq,obj_freq,iobj_freq,subj_avdist,obj_avdist,iobj_avdist
0.4601311187185013,aholkatu:VERB,,0.42857142857142855,0.2857142857142857,0.2857142857142857,2.0,2.0,-3.5
0.2543649887516199,aukeratu:VERB,,0.3333333333333333,0.5833333333333334,0.08333333333333333,1.25,3.2142857142857144,-1.0
0.3910258477664476,hautatu:VERB,,0.35714285714285715,0.42857142857142855,0.21428571428571427,0.2,1.1666666666666667,-1.6666666666666667
0.15100505758148797,nahi_izan:VERB,,0.14285714285714285,0.14285714285714285,0.7142857142857143,1.0,1.0,-2.0
0.38518702556790485,oroit+araz:VERB,,0.4,0.4,0.2,0.5,3.0,-4.0
0.3849350367210897,proposatu:VERB,,0.4166666666666667,0.16666666666666669,0.4166666666666667,1.0357142857142856,2.2,-1.3068181818181817
0.7912772265573574,zulatu:VERB,,0.3333333333333333,0.3333333333333333,0.3333333333333333,1.0,1.0,-4.0
