probability,verb,prev_layer,subj_freq,obj_freq,iobj_freq,subj_avdist,obj_avdist,iobj_avdist
0.24805940936776016,aplikatu:VERB,,0.125,0.625,0.25,4.0,4.0,4.5
0.2596619342296834,entzun:VERB,,0.37037037037037035,0.5555555555555556,0.07407407407407407,0.7,1.1923076923076923,1.5
0.3003461500192157,gorritu:VERB,,0.25,0.5,0.25,4.0,4.5,5.0
0.20551557626057718,kutsatu:VERB,,0.6666666666666666,0.16666666666666666,0.16666666666666666,2.0,2.0,3.0
