probability,verb,prev_layer,subj_freq,obj_freq,iobj_freq,subj_avdist,obj_avdist,iobj_avdist
0.30815243159169053,взимам:VERB,,0.3684210526315789,0.5263157894736842,0.10526315789473684,-0.44999999999999996,-0.3,-2.5
0.292012066350324,минавам-(се):VERB,,0.5384615384615384,0.15384615384615385,0.3076923076923077,-0.8076923076923077,-0.5,-1.125
0.28684734689696045,посочвам:VERB,,0.5555555555555556,0.3333333333333333,0.1111111111111111,-2.875,-2.3333333333333335,-5.0
0.5565181020332821,разкажа:VERB,,0.3,0.4,0.3,-1.0,-1.0,-2.6666666666666665
0.15100505758148797,трупам-(се):VERB,,0.14285714285714285,0.7142857142857143,0.14285714285714285,-2.0,-1.4,-4.0
