probability,verb,prev_layer,subj_freq,obj_freq,iobj_freq,subj_avdist,obj_avdist,iobj_avdist
0.38518702556790485,впечатля-(се):VERB,,0.2,0.4,0.4,-3.0,0.0,-3.0
0.4601311187185013,интересувам-(се):VERB,,0.4285714285714286,0.2857142857142857,0.2857142857142857,-0.8,0.25,-0.25
0.162890551354705,иска:VERB,,0.6,0.0,0.4,-3.4,0.0,-0.25
0.12707918327503795,легна:VERB,,0.25,0.0,0.75,-3.0,0.0,-1.6666666666666667
0.12707918327503795,подчиня-(се):VERB,,0.25,0.0,0.75,-3.0,0.0,-0.6666666666666666
0.162890551354705,състезавам-се:VERB,,0.6,0.0,0.4,-2.0,0.0,-0.5
