probability,verb,prev_layer,subj_freq,obj_freq,iobj_freq,subj_avdist,obj_avdist,iobj_avdist
0.3003461500192157,приключвам:VERB,,0.5,0.25,0.25,-2.5,-1.0,-2.0
0.14022346099697958,става:VERB,,0.1724137931034483,0.7241379310344828,0.10344827586206896,-4.666666666666667,-0.8571428571428571,-3.3333333333333335
