probability,verb,prev_layer,subj_freq,obj_freq,iobj_freq,subj_avdist,obj_avdist,iobj_avdist
0.3687265968032496,заканя-се:VERB,,0.4666666666666667,0.39999999999999997,0.13333333333333333,0.5714285714285714,8.3,2.5
