probability,verb,prev_layer,subj_freq,obj_freq,iobj_freq,subj_avdist,obj_avdist,iobj_avdist
0.12707918327503803,въртя-(се):VERB,,0.75,0.25,0.0,0.6666666666666666,2.0,0.0
0.16289055135470498,глася-(се):VERB,,0.6,0.4,0.0,1.3333333333333333,1.5,0.0
0.3142637636591399,крия-(се):VERB,,0.39999999999999997,0.1,0.5,0.5714285714285714,2.0,0.0
0.12707918327503803,направям-(се):VERB,,0.25,0.75,0.0,1.0,1.0,0.0
0.135233545989651,оповестя:VERB,,0.5555555555555556,0.4444444444444444,0.0,0.2,5.5,0.0
0.17335471510636075,предприемам:VERB,,0.6666666666666666,0.3333333333333333,0.0,0.5,1.0,0.0
