probability,verb,prev_layer,subj_freq,obj_freq,iobj_freq,subj_avdist,obj_avdist,iobj_avdist
0.22513401587747478,događati:VERB,,0.6875,0.25,0.0625,-1.4166666666666665,2.0,2.0
0.1733547151063608,glasiti:VERB,,0.6666666666666666,0.0,0.3333333333333333,-0.5,0.0,3.0
0.17335471510636075,obavijestiti:VERB,,0.3333333333333333,0.6666666666666666,0.0,-1.0,0.0,0.0
0.17335471510636075,odvratiti:VERB,,0.3333333333333333,0.6666666666666666,0.0,-2.0,0.0,0.0
0.3003461500192157,upaliti:VERB,,0.5,0.25,0.25,-1.0,1.0,2.0
0.214855939810148,upravljati:VERB,,0.5652173913043478,0.391304347826087,0.043478260869565216,-0.8461538461538461,0.3333333333333333,1.0
