probability,verb,prev_layer,subj_freq,obj_freq,iobj_freq,subj_avdist,obj_avdist,iobj_avdist
0.27735229914941734,priključiti:VERB,,0.1111111111111111,0.6666666666666666,0.2222222222222222,-4.0,0.8333333333333334,0.5
0.24116342193906073,upumpati:VERB,,0.25,0.5,0.25,16.0,11.5,10.0
0.24116342193906073,žuriti:VERB,,0.25,0.25,0.5,9.0,4.0,2.0
