probability,verb,prev_layer,subj_freq,obj_freq,iobj_freq,subj_avdist,obj_avdist,iobj_avdist
0.2731075844423651,moći:VERB,,0.3389694041867955,0.071658615136876,0.5893719806763286,-0.9788313335284361,2.7865168539325844,0.35006973500697347
0.9624989984449874,oprostiti:VERB,,0.0,0.0,1.0,0.0,0.0,1.0
0.9624989984449874,ponetići:VERB,,0.0,0.0,1.0,0.0,0.0,1.0
0.22866868997412992,uspjeti:VERB,,0.3626373626373626,0.06593406593406594,0.5714285714285715,3.6363636363636362,0.8333333333333334,0.91
0.35806062347240564,zamjeriti:VERB,,0.3333333333333333,0.0,0.6666666666666666,3.0,0.0,0.5
0.18330450892735903,žuriti:VERB,,0.25,0.25,0.5,9.0,4.0,2.0
