probability,verb,prev_layer,subj_freq,obj_freq,iobj_freq,subj_avdist,obj_avdist,iobj_avdist
0.1883843825745275,izgledati:VERB,,0.6666666666666667,0.23809523809523808,0.09523809523809523,-4.4393939393939394,-6.666666666666667,-2.0
0.663855519166375,postati:VERB,,0.41818181818181815,0.024242424242424242,0.5575757575757576,-4.382352941176471,2.75,-1.6630434782608696
0.890326026731683,zazvoniti:VERB,,0.5,0.0,0.5,-3.0,0.0,-1.0
0.4081187240344978,štediti:VERB,,0.6666666666666666,0.0,0.3333333333333333,-1.5,0.0,-1.0
