probability,verb,prev_layer,subj_freq,obj_freq,iobj_freq,subj_avdist,obj_avdist,iobj_avdist
0.1733547151063608,ispraviti:VERB,,0.0,0.6666666666666666,0.3333333333333333,0.0,-1.5,-13.0
0.3003461500192157,izučavati:VERB,,0.5,0.25,0.25,0.0,-4.0,-5.0
0.2141466831981546,izvijestiti:VERB,,0.7297297297297297,0.24324324324324326,0.02702702702702703,-1.7037037037037037,-6.25,-11.0
0.21852624713930027,nemati:VERB,,0.36416184971098264,0.5895953757225434,0.046242774566473986,-0.20967741935483875,-1.2647058823529411,-1.8571428571428572
0.26816429434120503,pojačati:VERB,,0.5384615384615385,0.38461538461538464,0.07692307692307693,-0.25,-1.8,-23.0
0.42666948801653254,povećavati:VERB,,0.36363636363636365,0.4090909090909091,0.22727272727272727,-0.375,-1.1111111111111112,-2.75
0.14296892130595457,predviđati:VERB,,0.5,0.46875,0.03125,-2.833333333333333,-3.428571428571429,-11.0
0.31722713301945377,smanjiti:VERB,,0.45,0.45,0.1,0.0,-1.0,-2.0
0.4601311187185013,umanjivati:VERB,,0.2857142857142857,0.42857142857142855,0.2857142857142857,-0.5,-5.0,-6.5
