probability,verb,prev_layer,subj_freq,obj_freq,iobj_freq,subj_avdist,obj_avdist,iobj_avdist
0.3650150913100617,dati:VERB,,0.37254901960784315,0.47058823529411764,0.1568627450980392,-0.5,-2.904255319148936,-1.6785714285714286
0.2596141220161335,javljati:VERB,,0.5454545454545454,0.2727272727272727,0.18181818181818182,-1.0,-9.25,-1.5
0.30295467816428834,napisati:VERB,,0.40625,0.5,0.09375,-0.46153846153846156,-2.3,-1.5
0.7912772265573574,napomenuti:VERB,,0.3333333333333333,0.3333333333333333,0.3333333333333333,-2.0,-5.0,-3.0
0.1615122174301931,navoditi:VERB,,0.5517241379310345,0.43103448275862066,0.017241379310344827,-2.423076923076923,-3.3257575757575757,-3.0
0.21780494249918347,prihvaćati:VERB,,0.42105263157894735,0.5263157894736842,0.05263157894736842,-0.5714285714285714,-1.2,-1.0
0.5089765906623372,smatrati:VERB,,0.359375,0.38541666666666663,0.2552083333333333,-0.22076502732240458,-1.7491258741258744,-1.2040816326530612
0.3416366498727646,znati:VERB,,0.375,0.5,0.125,-0.2916666666666665,-2.1707317073170733,-1.5
