probability,verb,prev_layer,subj_freq,obj_freq,iobj_freq,subj_avdist,obj_avdist,iobj_avdist
0.38516656984203024,nametati:VERB,,0.42857142857142855,0.42857142857142855,0.14285714285714285,-1.6666666666666667,-0.6666666666666666,-3.0
0.25641593704321275,slijediti:VERB,,0.5348837209302325,0.3953488372093023,0.06976744186046512,-0.8260869565217391,-0.5882352941176471,-7.0
