probability,verb,prev_layer,subj_freq,obj_freq,iobj_freq,subj_avdist,obj_avdist,iobj_avdist
0.15966938453155355,događati:VERB,,0.6875,0.25,0.0625,-1.4166666666666665,2.0,2.0
0.4081187240344978,glasiti:VERB,,0.6666666666666666,0.0,0.3333333333333333,-0.5,0.0,3.0
0.4076691878147535,moći:VERB,,0.3389694041867955,0.071658615136876,0.5893719806763286,-0.9788313335284361,2.7865168539325844,0.35006973500697347
0.890326026731683,sletjeti:VERB,,0.5,0.0,0.5,-3.0,0.0,1.0
0.24116342193906073,upaliti:VERB,,0.5,0.25,0.25,-1.0,1.0,2.0
