probability,verb,prev_layer,subj_freq,obj_freq,iobj_freq,subj_avdist,obj_avdist,iobj_avdist
0.3003461500192157,navići:VERB,,0.25,0.5,0.25,-1.0,2.5,-1.0
0.17863878143186543,postati:VERB,,0.41818181818181815,0.024242424242424242,0.5575757575757576,-4.382352941176471,2.75,-1.6630434782608696
0.38518702556790485,približavati:VERB,,0.4,0.4,0.2,-1.0,0.5,-1.0
0.1733547151063608,štediti:VERB,,0.6666666666666666,0.0,0.3333333333333333,-1.5,0.0,-1.0
