probability,verb,prev_layer,subj_freq,obj_freq,iobj_freq,subj_avdist,obj_avdist,iobj_avdist
0.25073922174303737,pojaviti:VERB,,0.5714285714285714,0.35714285714285715,0.07142857142857142,1.125,2.6,2.0
0.15100505758148797,pojavljivati:VERB,,0.7142857142857143,0.14285714285714285,0.14285714285714285,1.8,5.0,2.0
0.2447194915672523,svesti:VERB,,0.6000000000000001,0.2,0.2,2.5,8.0,5.0
