probability,verb,prev_layer,subj_freq,obj_freq,iobj_freq,subj_avdist,obj_avdist,iobj_avdist
0.32200230159910354,dodati:VERB,,0.4489795918367347,0.4489795918367347,0.10204081632653061,-1.875,-4.647058823529411,-1.0
0.2392612819436183,izgledati:VERB,,0.6666666666666667,0.23809523809523808,0.09523809523809523,-4.4393939393939394,-6.666666666666667,-2.0
0.18767256196194862,vidjeti:VERB,,0.29761904761904767,0.6904761904761905,0.011904761904761904,-1.4057971014492754,-2.3488372093023258,-1.0
0.38413206492435836,činiti:VERB,,0.4036144578313253,0.4457831325301205,0.15060240963855423,-1.9736842105263157,-2.105392156862745,-0.8913043478260869
