probability,verb,prev_layer,subj_freq,obj_freq,iobj_freq,subj_avdist,obj_avdist,iobj_avdist
0.1733547151063608,inzistirati:VERB,,0.6666666666666666,0.0,0.3333333333333333,1.0,0.0,16.0
0.3003461500192157,pogoršavati:VERB,,0.5,0.25,0.25,3.5,3.0,20.0
0.1733547151063608,poslužiti:VERB,,0.6666666666666666,0.0,0.3333333333333333,3.5,0.0,7.0
0.24805940936776016,prijeći:VERB,,0.625,0.25,0.125,2.0,1.0,4.0
0.2447194915672523,skuhati:VERB,,0.2,0.6,0.2,3.0,0.0,4.0
